name,date,tempmax,tempmin,temp,feelslikemax,feelslikemin,feelslike,dew,humidity,precip,precipprob,precipcover,preciptype,snow,snowdepth,windgust,windspeed,winddir,sealevelpressure,cloudcover,visibility,solarradiation,solarenergy,uvindex,severerisk,sunrise,sunset,moonphase,conditions,description,icon,stations
guangzhou,2021-01-01,15,3.8,9.1,15,0.6,7.8,-10.9,24.6,0,0,0,,0,0,29.7,21.6,0.7,1027.6,47.1,13.5,205.4,17.7,8,,2021-01-01T07:08:23,2021-01-01T17:52:49,0.53,Partially cloudy,Partly cloudy throughout the day.,partly-cloudy-day,"ZGGG,59287099999,59278099999"
guangzhou,2021-01-02,18,4.8,11,18,3.2,10.8,-4.1,39.1,0,0,0,,0,0,25.2,8.6,34.9,1023.8,20.6,13.2,205.4,17.7,8,,2021-01-02T07:08:41,2021-01-02T17:53:28,0.56,Partially cloudy,Partly cloudy throughout the day.,partly-cloudy-day,"ZGGG,59287099999,59278099999"
guangzhou,2021-01-03,22,5.8,14.2,22,4.7,13.8,0,42.1,0,0,0,,0,0,31.6,18,7.9,1023.1,40.4,12.9,179.5,15.6,7,,2021-01-03T07:08:57,2021-01-03T17:54:07,0.6,Partially cloudy,Partly cloudy throughout the day.,partly-cloudy-day,"ZGGG,59287099999,59278099999"
guangzhou,2021-01-04,21,14.3,17.1,21,14.3,17.1,0.6,33.2,0,0,0,,0,0,22.1,18,357.3,1022,60,13.5,179.4,15.5,7,,2021-01-04T07:09:12,2021-01-04T17:54:47,0.65,Partially cloudy,Partly cloudy throughout the day.,partly-cloudy-day,"ZGGG,59287099999,59278099999"
guangzhou,2021-01-05,23,15.1,18.3,23,15.1,18.3,3.3,37.5,0,0,0,,0,0,25,21.6,358,1021,44.1,13.4,178.6,15.5,7,,2021-01-05T07:09:26,2021-01-05T17:55:28,0.7,Partially cloudy,Clearing in the afternoon.,partly-cloudy-day,"ZGGG,59287099999,59278099999"
guangzhou,2021-01-06,19,12,15.5,19,12,15.5,1.9,39.9,0,0,0,,0,0,25.8,21.6,0.7,1020.9,52.3,12,177.1,15.3,7,,2021-01-06T07:09:39,2021-01-06T17:56:08,0.76,Partially cloudy,Partly cloudy throughout the day.,partly-cloudy-day,"ZGGG,59287099999,59278099999"
guangzhou,2021-01-07,16,6.6,11.4,16,2.6,10.3,2.9,56.2,0,0,0,,0,0,47.1,36,10.1,1023.3,78.8,11.9,154.1,13.3,6,,2021-01-07T07:09:50,2021-01-07T17:56:50,0.82,Partially cloudy,Partly cloudy throughout the day.,partly-cloudy-day,"ZGGG,59287099999,59278099999"
guangzhou,2021-01-08,7,5,6.4,4.3,0.8,2.4,-4.4,46.4,0,0,0,,0,0,47.7,36,8.7,1028,72.1,13.1,119.3,10.2,5,,2021-01-08T07:10:00,2021-01-08T17:57:31,0.87,Partially cloudy,Partly cloudy throughout the day.,partly-cloudy-day,"ZGGG,59287099999,59278099999"
guangzhou,2021-01-09,12,5.5,8.7,12,1.8,6.8,-11.4,23.3,0,0,0,,0,0,43.2,25.2,7.8,1026.3,70.9,13.6,182.9,15.7,7,,2021-01-09T07:10:08,2021-01-09T17:58:13,0.92,Partially cloudy,Partly cloudy throughout the day.,partly-cloudy-day,"ZGGG,59287099999,59278099999"
guangzhou,2021-01-10,12,8.3,10,12,6.8,9.5,-9.6,24.5,0,0,0,,0,0,26.3,21.6,12.4,1025.1,86.3,13.6,91.7,8,3,,2021-01-10T07:10:15,2021-01-10T17:58:55,0.96,Partially cloudy,Partly cloudy throughout the day.,partly-cloudy-day,"ZGGG,59287099999,59278099999"
guangzhou,2021-01-11,9,6,7.4,6.8,2,4.5,-4.5,43.7,0.233,100,12.5,rain,0,0,49.4,32.4,358.1,1028.6,81.3,13.4,96,8.3,3,,2021-01-11T07:10:21,2021-01-11T17:59:38,0.99,"Rain, Partially cloudy",Partly cloudy throughout the day with a chance of rain throughout the day.,rain,"ZGGG,59287099999,59278099999"
guangzhou,2021-01-12,16,3.6,9.3,16,0.1,7.9,-6.7,34.8,0,0,0,,0,0,42.8,32.4,347.8,1025.4,14.9,13.2,219.4,19.1,8,,2021-01-12T07:10:26,2021-01-12T18:00:20,1,Clear,Clear conditions throughout the day.,clear-day,"ZGGG,59287099999,59278099999"
guangzhou,2021-01-13,20,3,10.7,20,0.7,10.2,-3,43.8,0,0,0,,0,0,33.2,8.1,32.7,1020.3,11.2,12.7,210,18,8,,2021-01-13T07:10:29,2021-01-13T18:01:03,0,Clear,Clear conditions throughout the day.,clear-day,"ZGGG,59287099999,59278099999"
guangzhou,2021-01-14,22,5.7,13.4,22,4.2,13.1,-0.2,45.1,0,0,0,,0,0,14.9,7.2,118.5,1018.2,16.5,10.6,197.3,16.9,7,,2021-01-14T07:10:30,2021-01-14T18:01:46,0.01,Clear,Clear conditions throughout the day.,clear-day,"ZGGG,59287099999,59278099999"
guangzhou,2021-01-15,23,7.9,15,23,7.1,14.9,5,53.8,0,0,0,,0,0,16.5,7.3,45.2,1016.4,62.4,7.5,192.2,16.6,7,,2021-01-15T07:10:31,2021-01-15T18:02:29,0.03,Partially cloudy,Partly cloudy throughout the day.,partly-cloudy-day,"ZGGG,59287099999,59278099999"
guangzhou,2021-01-16,23,9.5,16.2,23,8.6,16.1,7.8,60.2,0,0,0,,0,0,17.2,7.5,37.7,1017.5,38.5,5,133.4,11.4,5,,2021-01-16T07:10:29,2021-01-16T18:03:12,0.06,Partially cloudy,Partly cloudy throughout the day.,partly-cloudy-day,"ZGGG,59287099999,59278099999"
guangzhou,2021-01-17,19,10.6,15.2,19,10.6,15.2,0.2,36.3,0,0,0,,0,0,47.6,36,0.2,1025.3,38.8,11,175.6,15.2,7,,2021-01-17T07:10:27,2021-01-17T18:03:55,0.1,Partially cloudy,Partly cloudy throughout the day.,partly-cloudy-day,"ZGGG,59287099999,59278099999"
guangzhou,2021-01-18,18,7.4,12.1,18,5,11.4,-1.6,40.6,0,0,0,,0,0,45.3,14.4,343.8,1024.5,65.2,12.7,198.6,17.3,7,,2021-01-18T07:10:23,2021-01-18T18:04:39,0.14,Partially cloudy,Partly cloudy throughout the day.,partly-cloudy-day,"ZGGG,59287099999,59278099999"
guangzhou,2021-01-19,20,6.2,13.2,20,4.7,12.9,1.6,49.1,0,0,0,,0,0,20.7,9.2,71.2,1020.8,27.6,12,204.7,17.6,8,,2021-01-19T07:10:17,2021-01-19T18:05:22,0.19,Partially cloudy,Clearing in the afternoon.,partly-cloudy-day,"ZGGG,59287099999,59278099999"
guangzhou,2021-01-20,23,11.3,17.7,23,11.3,17.7,7.3,51.7,0,0,0,,0,0,18,7.3,98.2,1018.6,41.4,10.4,147.9,12.7,6,,2021-01-20T07:10:11,2021-01-20T18:06:05,0.23,Partially cloudy,Partly cloudy throughout the day.,partly-cloudy-day,"ZGGG,59287099999,59278099999"
guangzhou,2021-01-21,23,15.8,19.2,23,15.8,19.2,13.8,71.7,0.229,100,16.67,rain,0,0,24.4,18,321.1,1016.1,86.9,8,110.8,9.7,5,,2021-01-21T07:10:02,2021-01-21T18:06:48,0.28,"Rain, Partially cloudy",Partly cloudy throughout the day with a chance of rain throughout the day.,rain,"ZGGG,59287099999,59278099999"
guangzhou,2021-01-22,24,16.8,19.8,24,16.8,19.8,15.9,79,0.306,100,8.33,rain,0,0,24.4,18,339.8,1014.2,58.7,11.8,152.7,13.3,6,,2021-01-22T07:09:53,2021-01-22T18:07:31,0.33,"Rain, Partially cloudy",Partly cloudy throughout the day with rain clearing later.,rain,"ZGGG,59287099999,59278099999"
guangzhou,2021-01-23,25,15.5,19.5,25,15.5,19.5,12.4,66,0,0,0,,0,0,30.8,21.6,346.5,1014.7,16.9,10.2,200,17.4,7,,2021-01-23T07:09:42,2021-01-23T18:08:13,0.37,Clear,Clear conditions throughout the day.,clear-day,"ZGGG,59287099999,59278099999"
guangzhou,2021-01-24,24,13.8,18.9,24,13.8,18.9,12.2,66,0,0,0,,0,0,26.5,18,124.9,1016.9,59.5,10.1,197.3,17.1,7,,2021-01-24T07:09:29,2021-01-24T18:08:56,0.41,Partially cloudy,Partly cloudy throughout the day.,partly-cloudy-day,"ZGGG,59287099999,59278099999"
guangzhou,2021-01-25,26,16.1,20.7,26,16.1,20.7,13.6,64.7,0,0,0,,0,0,26,10.8,118.3,1017.6,49.5,12,185,15.8,7,,2021-01-25T07:09:16,2021-01-25T18:09:38,0.44,Partially cloudy,Clearing in the afternoon.,partly-cloudy-day,"ZGGG,59287099999,59278099999"
guangzhou,2021-01-26,25,16.3,19.7,25,16.3,19.7,12.7,65.2,0,0,0,,0,0,32.5,25.2,351.1,1017.4,10.5,10.5,189.2,16.4,7,,2021-01-26T07:09:01,2021-01-26T18:10:20,0.47,Clear,Clear conditions throughout the day.,clear-day,"ZGGG,59287099999,59278099999"
guangzhou,2021-01-27,24,15.6,19,24,15.6,19,10.9,60.2,0,0,0,,0,0,32.5,18,29.3,1018.2,29.5,11.7,196,16.9,7,,2021-01-27T07:08:44,2021-01-27T18:11:02,0.49,Partially cloudy,Clearing in the afternoon.,partly-cloudy-day,"ZGGG,59287099999,59278099999"
guangzhou,2021-01-28,20,13.6,17.1,20,13.6,17.1,9,59.9,0,0,0,,0,0,44.7,28.8,355.3,1022.1,45.2,10.6,192.7,16.6,7,,2021-01-28T07:08:26,2021-01-28T18:11:43,0.5,Partially cloudy,Partly cloudy throughout the day.,partly-cloudy-day,"ZGGG,59287099999,59278099999"
guangzhou,2021-01-29,21,10.5,15.3,21,10.5,15.3,3.2,45.6,0,0,0,,0,0,44.7,25.2,22.8,1023.4,22.8,13.5,217.3,18.6,8,,2021-01-29T07:08:07,2021-01-29T18:12:25,0.51,Partially cloudy,Partly cloudy throughout the day.,partly-cloudy-day,"ZGGG,59287099999,59278099999"
guangzhou,2021-01-30,23,10.2,16.2,23,10.2,16.2,8,60.5,0,0,0,,0,0,16.8,14.4,44.6,1022.5,21,11.3,207.8,18,8,,2021-01-30T07:07:47,2021-01-30T18:13:05,0.52,Partially cloudy,Partly cloudy throughout the day.,partly-cloudy-day,"ZGGG,59287099999,59278099999"
guangzhou,2021-01-31,26,11.8,18.2,26,11.8,18.2,9.3,59.3,0,0,0,,0,0,25.4,12.3,83.7,1021.8,26.7,11.4,224.9,19.6,8,,2021-01-31T07:07:25,2021-01-31T18:13:46,0.54,Partially cloudy,Partly cloudy throughout the day.,partly-cloudy-day,"ZGGG,59287099999,59278099999"
guangzhou,2021-02-01,26,12.8,19.4,26,12.8,19.4,11.8,63.2,0,0,0,,0,0,25.3,7.2,4,1019.7,63.9,12.3,222.8,19.3,8,,2021-02-01T07:07:02,2021-02-01T18:14:26,0.59,Partially cloudy,Partly cloudy throughout the day.,partly-cloudy-day,"ZGGG,59287099999,59278099999"
guangzhou,2021-02-02,28,14.7,21,27.5,14.7,21,12.8,62.3,0,0,0,,0,0,21.3,13,40.1,1019.7,35.5,12.3,219,18.8,8,,2021-02-02T07:06:37,2021-02-02T18:15:06,0.63,Partially cloudy,Partly cloudy throughout the day.,partly-cloudy-day,"ZGGG,59287099999,59278099999"
guangzhou,2021-02-03,26,16.3,20.8,26,16.3,20.8,12.2,59.4,0,0,0,,0,0,22.6,10.8,135.6,1021.7,20,12.2,214.4,18.5,8,,2021-02-03T07:06:12,2021-02-03T18:15:46,0.68,Clear,Clearing in the afternoon.,clear-day,"ZGGG,59287099999,59278099999"
guangzhou,2021-02-04,27,14,20.1,27,14,20.1,12.3,63,0,0,0,,0,0,19.1,14.4,129.8,1021.6,25.2,10,223.1,19.3,8,,2021-02-04T07:05:45,2021-02-04T18:16:25,0.74,Partially cloudy,Partly cloudy throughout the day.,partly-cloudy-day,"ZGGG,59287099999,59278099999"
guangzhou,2021-02-05,27,14,20.2,26.7,14,20.2,11.9,61.3,0,0,0,,0,0,28.8,10.8,122.3,1019.9,0.5,11.6,227.7,19.6,8,,2021-02-05T07:05:17,2021-02-05T18:17:03,0.8,Clear,Clear conditions throughout the day.,clear-day,"ZGGG,59287099999,59278099999"
guangzhou,2021-02-06,28,14,20.8,27.5,14,20.7,12.7,62.9,0,0,0,,0,0,20.1,7.2,61.8,1017.6,0,11.3,230.5,19.8,8,,2021-02-06T07:04:47,2021-02-06T18:17:42,0.85,Clear,Clear conditions throughout the day.,clear-day,"ZGGG,59287099999,59278099999"
guangzhou,2021-02-07,29,14.8,21.5,27.8,14.8,21.3,11.1,55.7,0,0,0,,0,0,22.6,10.8,103.9,1017.5,6.6,11.9,234.9,20.3,8,,2021-02-07T07:04:17,2021-02-07T18:18:19,0.9,Clear,Clear conditions throughout the day.,clear-day,"ZGGG,59287099999,59278099999"
guangzhou,2021-02-08,27,15.2,21.7,26.7,15.2,21.7,12.2,56.8,0,0,0,,0,0,17.5,10.8,337,1018.6,61.8,12,130.7,11.2,5,,2021-02-08T07:03:45,2021-02-08T18:18:57,0.94,Partially cloudy,Partly cloudy throughout the day.,partly-cloudy-day,"ZGGG,59287099999,59278099999"
guangzhou,2021-02-09,22,15,18.5,22,15,18.5,13.9,75.6,2.454,100,8.33,rain,0,0,30.2,25.2,8.4,1018.1,79,10.7,187,16.2,7,,2021-02-09T07:03:12,2021-02-09T18:19:34,0.97,"Rain, Partially cloudy",Partly cloudy throughout the day with late afternoon rain.,rain,"ZGGG,59287099999,59278099999"
guangzhou,2021-02-10,15.2,12.8,14.5,15.2,12.8,14.5,13,90.9,37.792,100,25,rain,0,0,48.8,21.6,0.1,1015,95.8,8.9,81.6,7.1,3,,2021-02-10T07:02:38,2021-02-10T18:20:10,1,"Rain, Overcast",Cloudy skies throughout the day with a chance of rain throughout the day.,rain,"ZGGG,59287099999,59278099999"
guangzhou,2021-02-11,20,13.5,16.5,20,13.5,16.5,11.6,73.9,0.289,100,8.33,rain,0,0,25.2,21.6,359.8,1015.7,65.3,10.9,240.8,20.8,9,,2021-02-11T07:02:03,2021-02-11T18:20:46,1,"Rain, Partially cloudy",Partly cloudy throughout the day with rain clearing later.,rain,"ZGGG,59287099999,59278099999"
guangzhou,2021-02-12,22,13,17.6,22,13,17.6,10.2,63.5,1.1,100,20.83,rain,0,0,,18,352.5,,61.5,9.3,243.2,21,9,,2021-02-12T07:01:27,2021-02-12T18:21:22,0,"Rain, Partially cloudy",Partly cloudy throughout the day with early morning rain.,rain,ZGGG
guangzhou,2021-02-13,25,14,19.1,25,14,19.1,10.6,60.1,0,0,0,,0,0,19.6,12.2,67.7,1017.2,45.7,10.4,227.2,19.7,8,,2021-02-13T07:00:49,2021-02-13T18:21:57,0.02,Partially cloudy,Partly cloudy throughout the day.,partly-cloudy-day,"ZGGG,59287099999,59278099999"
guangzhou,2021-02-14,27,13.2,19.2,26.7,13.2,19.2,12.5,67.8,0,0,0,,0,0,22.1,10.8,299.3,1016.3,9.9,11.2,232,20.1,8,,2021-02-14T07:00:11,2021-02-14T18:22:31,0.04,Clear,Clear conditions throughout the day.,clear-day,"ZGGG,59287099999,59278099999"
guangzhou,2021-02-15,28,13.5,20.7,27.3,13.5,20.6,12,61.2,0,0,0,,0,0,24,18,145.3,1015.1,0,11.8,243.6,21,9,,2021-02-15T06:59:32,2021-02-15T18:23:06,0.07,Clear,Clear conditions throughout the day.,clear-day,"ZGGG,59287099999,59278099999"
guangzhou,2021-02-16,26,15.1,20.8,26,15.1,20.8,13.2,63.3,0,0,0,,0,0,24,28.8,335.3,1016.4,45,12.5,224.6,19.5,8,,2021-02-16T06:58:51,2021-02-16T18:23:39,0.1,Partially cloudy,Partly cloudy throughout the day.,partly-cloudy-day,"ZGGG,59287099999,59278099999"
guangzhou,2021-02-17,24,16,19.8,24,16,19.8,8.7,51,0,0,0,,0,0,40.4,28.8,357.2,1020.6,14.6,13.6,234.7,20.2,8,,2021-02-17T06:58:10,2021-02-17T18:24:12,0.14,Clear,Clear conditions throughout the day.,clear-day,"ZGGG,59287099999,59278099999"
guangzhou,2021-02-18,24,13,18.3,24,13,18.3,1.1,34.3,0,0,0,,0,0,30.1,21.6,14.3,1025,45.3,13.6,243.1,21,9,,2021-02-18T06:57:28,2021-02-18T18:24:45,0.19,Partially cloudy,Becoming cloudy in the afternoon.,partly-cloudy-day,"ZGGG,59287099999,59278099999"
guangzhou,2021-02-19,25,11.6,18,25,11.6,18,6.1,48.4,0,0,0,,0,0,22.7,10.8,64.2,1024.1,60.5,11.8,238.5,20.5,8,,2021-02-19T06:56:44,2021-02-19T18:25:18,0.24,Partially cloudy,Partly cloudy throughout the day.,partly-cloudy-day,"ZGGG,59287099999,59278099999"
guangzhou,2021-02-20,26,13,19.3,26,13,19.3,10.3,57.8,0,0,0,,0,0,23.6,14.4,139.2,1018.9,84.4,9.7,231.1,20,8,,2021-02-20T06:56:00,2021-02-20T18:25:49,0.28,Partially cloudy,Partly cloudy throughout the day.,partly-cloudy-day,"ZGGG,59287099999,59278099999"
guangzhou,2021-02-21,27,14.4,20.3,26.9,14.4,20.3,12.8,64.6,0,0,0,,0,0,28.8,14.4,150,1017.4,46.7,10.1,240.2,20.8,8,,2021-02-21T06:55:15,2021-02-21T18:26:21,0.33,Partially cloudy,Partly cloudy throughout the day.,partly-cloudy-day,"ZGGG,59287099999,remote,59278099999"
guangzhou,2021-02-22,28,14.3,21.2,27.8,14.3,21.2,13,61.3,0,0,0,,0,0,23.2,8.3,107.2,1015.8,22.4,10.6,244.2,21,9,,2021-02-22T06:54:30,2021-02-22T18:26:52,0.38,Partially cloudy,Partly cloudy throughout the day.,partly-cloudy-day,"ZGGG,59287099999,59278099999"
guangzhou,2021-02-23,30,16.8,23.2,29.7,16.8,23.1,14.9,62.2,0,0,0,,0,0,22.8,18,133.7,1014.6,33.9,11.3,241.5,20.9,9,,2021-02-23T06:53:43,2021-02-23T18:27:22,0.42,Partially cloudy,Partly cloudy throughout the day.,partly-cloudy-day,"ZGGG,59287099999,59278099999"
guangzhou,2021-02-24,27,17.1,21.8,27.1,17.1,21.8,14.9,66,0,0,0,,0,0,26.4,18,148.2,1013.8,77.1,12.9,232.7,20.2,8,,2021-02-24T06:52:56,2021-02-24T18:27:52,0.45,Partially cloudy,Partly cloudy throughout the day.,partly-cloudy-day,"ZGGG,59287099999,59278099999"
guangzhou,2021-02-25,24,19,21.1,24,19,21.1,17.4,80,1.576,100,16.67,rain,0,0,26.8,18,107.2,1011,77.7,9.2,177.7,15.4,8,,2021-02-25T06:52:07,2021-02-25T18:28:22,0.48,"Rain, Partially cloudy",Partly cloudy throughout the day with a chance of rain throughout the day.,rain,"ZGGG,59287099999,59278099999"
guangzhou,2021-02-26,21,15,18.5,21,15,18.5,16,85.6,0.419,100,16.67,rain,0,0,40.1,25.2,353.5,1010.7,91.5,9.5,188.8,16.4,7,,2021-02-26T06:51:18,2021-02-26T18:28:51,0.5,"Rain, Overcast",Cloudy skies throughout the day with a chance of rain throughout the day.,rain,"ZGGG,59287099999,59278099999"
guangzhou,2021-02-27,16.4,14,15.3,16.4,14,15.3,10.4,72.8,0.189,100,8.33,rain,0,0,40.1,21.6,7.2,1015.7,92.9,13.4,176.4,15.3,6,,2021-02-27T06:50:29,2021-02-27T18:29:20,0.5,"Rain, Overcast",Cloudy skies throughout the day with rain clearing later.,rain,"ZGGG,59287099999,59278099999"
guangzhou,2021-02-28,22.1,15,17.8,22.1,15,17.8,13.1,74.1,0.022,100,4.17,rain,0,0,20.9,10.8,14.5,1016.1,88.9,11.2,209.2,18.1,7,,2021-02-28T06:49:39,2021-02-28T18:29:48,0.51,"Rain, Partially cloudy",Partly cloudy throughout the day with morning rain.,rain,"ZGGG,59287099999,59278099999"
guangzhou,2021-03-01,26,18,21,26,18,21,16.8,77.2,1.639,100,4.17,rain,0,0,37.4,25.4,357.9,1016.3,84.3,9.3,205.1,17.7,8,,2021-03-01T06:48:48,2021-03-01T18:30:16,0.53,"Rain, Partially cloudy",Partly cloudy throughout the day with late afternoon rain.,rain,"ZGGG,59287099999,59278099999"
guangzhou,2021-03-02,20.2,14,17.2,20.2,14,17.2,8.8,58.5,0.089,100,4.17,rain,0,0,49.1,28.8,356.3,1020.3,29.7,13.6,236.7,20.2,8,,2021-03-02T06:47:56,2021-03-02T18:30:44,0.57,"Rain, Partially cloudy",Partly cloudy throughout the day with early morning rain.,rain,"ZGGG,59287099999,59278099999"
guangzhou,2021-03-03,19.2,14.8,16.2,19.2,14.8,16.2,9.3,63.5,0,0,0,,0,0,30.2,18,10.2,1020.5,93.9,13.5,161.2,13.8,6,,2021-03-03T06:47:04,2021-03-03T18:31:11,0.61,Overcast,Cloudy skies throughout the day.,cloudy,"ZGGG,59287099999,59278099999"
guangzhou,2021-03-04,16.2,14,15.3,16.2,14,15.3,13.1,87.5,4.473,100,25,rain,0,0,23.8,14.4,23.8,1018.5,98.6,7.3,104.8,8.9,3,,2021-03-04T06:46:11,2021-03-04T18:31:38,0.67,"Rain, Overcast",Cloudy skies throughout the day with rain.,rain,"ZGGG,59287099999,59278099999"
guangzhou,2021-03-05,20.4,16,18.2,20.4,16,18.2,17.2,93.9,2.605,100,16.67,rain,0,0,20.4,10.8,54.4,1015.2,98.1,3.7,215.2,18.6,8,,2021-03-05T06:45:18,2021-03-05T18:32:04,0.72,"Rain, Overcast",Cloudy skies throughout the day with a chance of rain throughout the day.,rain,"ZGGG,59287099999,59278099999"
guangzhou,2021-03-06,22,19,20.8,22,19,20.8,19.9,94.7,18.409,100,25,rain,0,0,32.4,21.6,64.5,1015.4,96.2,4,171.3,15,6,,2021-03-06T06:44:24,2021-03-06T18:32:30,0.78,"Rain, Overcast",Cloudy skies throughout the day with a chance of rain throughout the day.,rain,"ZGGG,59287099999,59278099999"
guangzhou,2021-03-07,23,16.9,19.5,23,16.9,19.5,14.5,73.6,0.445,100,8.33,rain,0,0,32.1,21.6,0.3,1019.2,85.6,13.2,223.6,19.2,8,,2021-03-07T06:43:30,2021-03-07T18:32:56,0.83,"Rain, Partially cloudy",Partly cloudy throughout the day with rain clearing later.,rain,"ZGGG,59287099999,59278099999"
guangzhou,2021-03-08,21,17,19.1,21,17,19.1,14,72.6,0,0,0,,0,0,21.8,10.9,47.4,1019.9,88.2,12.4,195.3,16.8,7,,2021-03-08T06:42:35,2021-03-08T18:33:22,0.88,Partially cloudy,Partly cloudy throughout the day.,partly-cloudy-day,"ZGGG,59287099999,59278099999"
guangzhou,2021-03-09,23,17.7,19.8,23,17.7,19.8,15.6,77.3,0,0,0,,0,0,21.5,18,20.7,1019.7,80.6,8.1,231.7,19.9,8,,2021-03-09T06:41:40,2021-03-09T18:33:47,0.93,Partially cloudy,Partly cloudy throughout the day.,partly-cloudy-day,"ZGGG,59287099999,59278099999"
guangzhou,2021-03-10,25,16.8,20.6,25,16.8,20.6,15.7,74.1,0,0,0,,0,0,29.7,14.4,60.8,1019.3,77.4,9.6,248.9,21.5,9,,2021-03-10T06:40:44,2021-03-10T18:34:12,0.96,Partially cloudy,Partly cloudy throughout the day.,partly-cloudy-day,"ZGGG,59287099999,59278099999"
guangzhou,2021-03-11,25.3,19.8,22.2,25.3,19.8,22.2,17,73.1,0,0,0,,0,0,20.2,8.1,73.2,1019.3,81.9,11.1,238.5,20.5,9,,2021-03-11T06:39:48,2021-03-11T18:34:37,0.99,Partially cloudy,Partly cloudy throughout the day.,partly-cloudy-day,"ZGGG,59287099999,59278099999"
guangzhou,2021-03-12,29,19.7,23.7,29.8,19.7,23.9,17.9,71.5,0,0,0,,0,0,24.2,18,350.5,1018.2,61.7,9.7,240.1,20.9,8,,2021-03-12T06:38:52,2021-03-12T18:35:01,1,Partially cloudy,Partly cloudy throughout the day.,partly-cloudy-day,"ZGGG,59287099999,59278099999"
guangzhou,2021-03-13,25.6,19.6,22,25.6,19.6,22,17,73.8,0,0,0,,0,0,19.8,14.4,20.2,1018.2,74.3,10,202.4,17.5,7,,2021-03-13T06:37:55,2021-03-13T18:35:25,0,Partially cloudy,Partly cloudy throughout the day.,partly-cloudy-day,"ZGGG,59287099999,59278099999"
guangzhou,2021-03-14,25,19,22,25,19,22,18.1,79.3,0,0,0,,0,0,17,14.4,138,1015.7,93.2,5.1,243.9,21,8,,2021-03-14T06:36:58,2021-03-14T18:35:49,0.01,Overcast,Cloudy skies throughout the day.,cloudy,"ZGGG,59287099999,59278099999"
guangzhou,2021-03-15,29,20,23.8,29.1,20,24,17,66.9,0,0,0,,0,0,27.7,18,156,1013.9,71.9,11,254.7,22,9,,2021-03-15T06:36:01,2021-03-15T18:36:13,0.02,Partially cloudy,Partly cloudy throughout the day.,partly-cloudy-day,"ZGGG,59287099999,59278099999"
guangzhou,2021-03-16,28,19.8,24.1,29.7,19.8,24.4,18.3,71.1,0,0,0,,0,0,27.4,8.2,154.1,1012.8,83.4,9.7,232.7,20,8,,2021-03-16T06:35:03,2021-03-16T18:36:37,0.04,Partially cloudy,Partly cloudy throughout the day.,partly-cloudy-day,"ZGGG,59287099999,59278099999"
guangzhou,2021-03-17,30,19.3,24.9,30.8,19.3,25.3,19,71.3,0,0,0,,0,0,27.2,14.4,147.2,1012.1,62.5,11.2,257.3,22.2,9,,2021-03-17T06:34:06,2021-03-17T18:37:00,0.07,Partially cloudy,Partly cloudy throughout the day.,partly-cloudy-day,"ZGGG,59287099999,59278099999"
guangzhou,2021-03-18,30,22,25.8,31.9,22,26.5,20.5,73.4,0,0,0,,0,0,27.2,18,154.3,1012,64.7,11.2,246.3,21.2,9,,2021-03-18T06:33:08,2021-03-18T18:37:23,0.11,Partially cloudy,Partly cloudy throughout the day.,partly-cloudy-day,"ZGGG,59287099999,59278099999"
guangzhou,2021-03-19,30,23,26.1,31.3,23,26.7,19.9,69.8,0,0,0,,0,0,29.7,18,158.8,1011.3,75.9,12.5,237.3,20.6,8,,2021-03-19T06:32:10,2021-03-19T18:37:46,0.15,Partially cloudy,Partly cloudy throughout the day.,partly-cloudy-day,"ZGGG,59287099999,59278099999"
guangzhou,2021-03-20,30,20.8,25.2,32.6,20.8,25.8,19.4,71.1,0,0,0,,0,0,29.7,21.6,339.4,1010.4,52.3,12.7,232,20,9,,2021-03-20T06:31:11,2021-03-20T18:38:09,0.2,Partially cloudy,Partly cloudy throughout the day.,partly-cloudy-day,"ZGGG,59287099999,59278099999"
guangzhou,2021-03-21,19.5,13.8,16.1,19.5,13.8,16.1,11.1,72.3,0.089,100,4.17,rain,0,0,47.9,32.4,355.2,1018.1,96.4,13.4,207.1,17.8,8,,2021-03-21T06:30:13,2021-03-21T18:38:32,0.24,"Rain, Overcast",Cloudy skies throughout the day with afternoon rain.,rain,"ZGGG,59287099999,59278099999"
guangzhou,2021-03-22,20,13.8,16.4,20,13.8,16.4,5.5,49.5,0,0,0,,0,0,48.4,25.2,11,1024.1,77.1,13.5,188.1,16.2,7,,2021-03-22T06:29:15,2021-03-22T18:38:54,0.29,Partially cloudy,Partly cloudy throughout the day.,partly-cloudy-day,"ZGGG,59287099999,59278099999"
guangzhou,2021-03-23,18,15.3,16.8,18,15.3,16.8,7.5,54.4,0,0,0,,0,0,32.4,14.4,26.2,1021.3,87.5,12.8,154,13.1,6,,2021-03-23T06:28:16,2021-03-23T18:39:17,0.34,Partially cloudy,Partly cloudy throughout the day.,partly-cloudy-day,"ZGGG,59287099999,59278099999"
guangzhou,2021-03-24,24,14,18.1,24,14,18.1,12.6,71.3,0,0,0,,0,0,21.3,14.4,312.2,1017.1,80.4,9.3,210.1,18,8,,2021-03-24T06:27:18,2021-03-24T18:39:39,0.39,Partially cloudy,Partly cloudy throughout the day.,partly-cloudy-day,"ZGGG,59287099999,59278099999"
guangzhou,2021-03-25,28,16,22.2,27.5,16,22.1,13.2,60.3,0,0,0,,0,0,29.1,20,135.4,1015.7,34.4,10.2,212.2,18.1,8,,2021-03-25T06:26:19,2021-03-25T18:40:02,0.43,Partially cloudy,Clearing in the afternoon.,partly-cloudy-day,"ZGGG,59287099999,59278099999"
guangzhou,2021-03-26,28,19,23.3,27.6,19,23.3,14.2,58,0,0,0,,0,0,29.1,14.4,147.6,1014.5,17.6,13.2,258.3,22.2,9,,2021-03-26T06:25:21,2021-03-26T18:40:24,0.46,Clear,Clear conditions throughout the day.,clear-day,"ZGGG,59287099999,59278099999"
guangzhou,2021-03-27,29,21,24.8,30.8,21,25.3,19,71,0,0,0,,0,0,25.6,21.6,161.5,1011.5,77.5,10.8,228.3,19.8,8,,2021-03-27T06:24:22,2021-03-27T18:40:46,0.49,Partially cloudy,Partly cloudy throughout the day.,partly-cloudy-day,"ZGGG,59287099999,59278099999"
guangzhou,2021-03-28,31,21.8,25.9,33,21.8,26.7,20.7,74.4,0,0,0,,0,0,24.2,10.8,173,1008.8,67.9,10.5,221,18.9,8,,2021-03-28T06:23:24,2021-03-28T18:41:09,0.5,Partially cloudy,Partly cloudy throughout the day.,partly-cloudy-day,"ZGGG,59287099999,59278099999"
guangzhou,2021-03-29,30,23,26.4,33.3,23,27.7,21.9,77,0,0,0,,0,0,30.5,21.6,159.6,1005.8,85.2,12.3,192.3,16.7,7,,2021-03-29T06:22:25,2021-03-29T18:41:31,0.51,Partially cloudy,Partly cloudy throughout the day.,partly-cloudy-day,"ZGGG,59287099999,59278099999"
guangzhou,2021-03-30,32,24.8,27.5,35.8,24.8,28.9,21.9,72.5,0,0,0,,0,0,36.2,21.6,139.5,1004.7,74.5,13.6,247.9,21.4,9,,2021-03-30T06:21:27,2021-03-30T18:41:53,0.53,Partially cloudy,Partly cloudy throughout the day.,partly-cloudy-day,"ZGGG,59287099999,59278099999"
guangzhou,2021-03-31,29,24.8,26.4,32,24.8,27.5,21.9,76.8,0,0,0,,0,0,38.8,21.6,142.7,1005.1,68.7,13.6,240.7,20.8,8,,2021-03-31T06:20:29,2021-03-31T18:42:15,0.55,Partially cloudy,Partly cloudy throughout the day.,partly-cloudy-day,"ZGGG,59287099999,59278099999"
guangzhou,2021-04-01,32,24,27.2,35.8,24,28.5,21.7,72.9,0,0,0,,0,0,33.7,21.6,147.7,1006.1,72.5,13.5,264.6,22.8,9,,2021-04-01T06:19:31,2021-04-01T18:42:37,0.6,Partially cloudy,Partly cloudy throughout the day.,partly-cloudy-day,"ZGGG,59287099999,59278099999"
guangzhou,2021-04-02,32,23.3,27.4,34.2,23.3,28.9,21.8,73.1,0,0,0,,0,0,33.7,21.6,157.9,1008.8,42.9,13.5,239.3,20.7,8,,2021-04-02T06:18:34,2021-04-02T18:43:00,0.65,Partially cloudy,Partly cloudy throughout the day.,partly-cloudy-day,"ZGGG,59287099999,59278099999"
guangzhou,2021-04-03,32,23.2,27.7,34.9,23.2,29.1,21.5,70.5,0,0,0,,0,0,24.6,18,210.8,1010.7,29.6,11.9,248.9,21.4,9,,2021-04-03T06:17:36,2021-04-03T18:43:22,0.7,Partially cloudy,Partly cloudy throughout the day.,partly-cloudy-day,"ZGGG,59287099999,59278099999"
guangzhou,2021-04-04,25,19.9,22.5,25,19.9,22.5,16.3,68.5,0,0,0,,0,0,33,25.2,353.5,1014.5,65.2,13.1,215.7,18.8,7,,2021-04-04T06:16:39,2021-04-04T18:43:44,0.76,Partially cloudy,Partly cloudy throughout the day.,partly-cloudy-day,"ZGGG,59287099999,59278099999"
guangzhou,2021-04-05,23,19,21,23,19,21,16,73.5,0,0,0,,0,0,32.6,14.4,21.1,1017.7,95.8,12.7,191.8,16.6,7,,2021-04-05T06:15:42,2021-04-05T18:44:07,0.81,Overcast,Cloudy skies throughout the day.,cloudy,"ZGGG,59287099999,59278099999"
guangzhou,2021-04-06,30,19.6,24.5,30.8,19.6,24.9,17.8,67.5,0,0,0,,0,0,20.6,14.4,23,1016.8,69.6,11.3,260.4,22.5,9,,2021-04-06T06:14:46,2021-04-06T18:44:29,0.86,Partially cloudy,Partly cloudy throughout the day.,partly-cloudy-day,"ZGGG,59287099999,59278099999"
guangzhou,2021-04-07,28,21.8,24.8,28.9,21.8,25,18.9,70.5,0.534,100,4.17,rain,0,0,26.2,14.4,147.3,1014.8,87.2,10.4,257.2,22.2,9,,2021-04-07T06:13:49,2021-04-07T18:44:52,0.91,"Rain, Partially cloudy",Partly cloudy throughout the day with morning rain.,rain,"ZGGG,59287099999,59278099999"
guangzhou,2021-04-08,25,19,21.1,25,19,21.1,18.1,82.9,4.522,100,12.5,rain,0,0,28,25.2,30.7,1014.3,96.3,10.9,186,16.2,6,,2021-04-08T06:12:53,2021-04-08T18:45:14,0.94,"Rain, Overcast",Cloudy skies throughout the day with rain.,rain,"ZGGG,59287099999,59278099999"
guangzhou,2021-04-09,22,17.3,19.4,22,17.3,19.4,14.3,72.9,5.568,100,8.33,rain,0,0,26,18,14.7,1017.3,99.5,12.4,183.6,15.9,6,,2021-04-09T06:11:58,2021-04-09T18:45:37,0.97,"Rain, Overcast",Cloudy skies throughout the day with rain clearing later.,rain,"ZGGG,59287099999,59278099999"
guangzhou,2021-04-10,27,18.5,22.2,27.7,18.5,22.3,15.5,66.2,0,0,0,,0,0,19.1,18,47,1018.2,68.4,11.6,280,24.2,9,,2021-04-10T06:11:03,2021-04-10T18:46:00,0.99,Partially cloudy,Partly cloudy throughout the day.,partly-cloudy-day,"ZGGG,59287099999,59278099999"
guangzhou,2021-04-11,30,20.5,24.9,30.4,20.5,25.1,17.1,63.2,0,0,0,,0,0,29.7,11.5,147,1017.8,47,12.5,302,26.1,10,,2021-04-11T06:10:08,2021-04-11T18:46:23,1,Partially cloudy,Partly cloudy throughout the day.,partly-cloudy-day,"ZGGG,59287099999,59278099999"
guangzhou,2021-04-12,31,19.8,25.9,32.4,19.8,26.6,19,67,0,0,0,,0,0,29.6,18,159.1,1015.5,47.6,12.9,285.1,24.5,9,,2021-04-12T06:09:14,2021-04-12T18:46:46,0,Partially cloudy,Partly cloudy throughout the day.,partly-cloudy-day,"ZGGG,59287099999,59278099999"
guangzhou,2021-04-13,31.5,22.2,26.9,34.6,22.2,28.1,20.7,69.8,0,0,0,,0,0,24.2,11.9,152.9,1012.8,56.9,12.2,282.5,24.3,9,,2021-04-13T06:08:20,2021-04-13T18:47:09,0.01,Partially cloudy,Partly cloudy throughout the day.,partly-cloudy-day,"ZGGG,59287099999,59278099999"
guangzhou,2021-04-14,31,22.2,26.8,33,22.2,27.7,20.7,70.4,0,0,0,,0,0,33.9,21.6,158.7,1011.7,56.2,13.3,270.3,23.4,9,,2021-04-14T06:07:26,2021-04-14T18:47:33,0.03,Partially cloudy,Partly cloudy throughout the day.,partly-cloudy-day,"ZGGG,59287099999,59278099999"
guangzhou,2021-04-15,26,21,24,26,21,24,20.4,81,3.028,100,4.17,rain,0,0,33.9,18,131.4,1011.9,93.9,11.2,215.4,18.6,8,,2021-04-15T06:06:34,2021-04-15T18:47:56,0.05,"Rain, Overcast",Cloudy skies throughout the day with late afternoon rain.,rain,"ZGGG,59287099999,59278099999"
guangzhou,2021-04-16,22.5,21,21.3,22.5,21,21.3,20.3,94.5,10.221,100,25,rain,0,0,24.6,14.4,46.5,1013.3,100,7.4,160.4,13.9,6,,2021-04-16T06:05:41,2021-04-16T18:48:20,0.08,"Rain, Overcast",Cloudy skies throughout the day with a chance of rain throughout the day.,rain,"ZGGG,59287099999,59278099999"
guangzhou,2021-04-17,26,20.5,23,26,20.5,23,19.1,79.5,10.761,100,12.5,rain,0,0,24.6,18,12.4,1016,88.9,11.5,140.5,12.1,5,,2021-04-17T06:04:50,2021-04-17T18:48:44,0.12,"Rain, Partially cloudy",Partly cloudy throughout the day with a chance of rain throughout the day.,rain,"ZGGG,59287099999,59278099999"
guangzhou,2021-04-18,25.7,20.2,22.7,25.7,20.2,22.7,18.7,78.1,0.445,100,8.33,rain,0,0,22.3,14.4,38,1014.8,77.8,10.1,244.5,21.1,8,,2021-04-18T06:03:59,2021-04-18T18:49:08,0.16,"Rain, Partially cloudy",Partly cloudy throughout the day with rain.,rain,"ZGGG,59287099999,59278099999"
guangzhou,2021-04-19,24,19.5,21.7,24,19.5,21.7,17.9,79.7,0.445,100,4.17,rain,0,0,25.3,14.4,44.3,1012.9,95.1,8.5,176.7,15.5,6,,2021-04-19T06:03:08,2021-04-19T18:49:32,0.21,"Rain, Overcast",Cloudy skies throughout the day with early morning rain.,rain,"ZGGG,59287099999,59278099999"
guangzhou,2021-04-20,25,19,22.1,25,19,22.1,17.5,75.8,1.871,100,8.33,rain,0,0,19.9,14.4,64.3,1012.7,89.1,10.4,284.5,24.6,9,,2021-04-20T06:02:18,2021-04-20T18:49:57,0.26,"Rain, Partially cloudy",Partly cloudy throughout the day with rain clearing later.,rain,"ZGGG,59287099999,59278099999"
guangzhou,2021-04-21,30,21,25.4,31.9,21,26,18.8,67.7,0.089,100,4.17,rain,0,0,25.8,14.1,156.9,1011.6,69.2,12.1,298,25.8,10,,2021-04-21T06:01:29,2021-04-21T18:50:21,0.31,"Rain, Partially cloudy",Partly cloudy throughout the day with early morning rain.,rain,"ZGGG,59287099999,59278099999"
guangzhou,2021-04-22,31,21.4,26.3,33.7,21.4,27.5,20.5,71.7,0,0,0,,0,0,25.8,9.3,203.3,1009.5,50.4,11.5,286.5,24.7,9,,2021-04-22T06:00:40,2021-04-22T18:50:46,0.36,Partially cloudy,Partly cloudy throughout the day.,partly-cloudy-day,"ZGGG,59287099999,59278099999"
guangzhou,2021-04-23,34,22.5,28.3,37.3,22.5,30.3,21.6,68.8,0,0,0,,0,0,24.5,18,167.2,1006.9,35.4,10.2,267.1,23,9,,2021-04-23T05:59:53,2021-04-23T18:51:11,0.41,Partially cloudy,Partly cloudy throughout the day.,partly-cloudy-day,"ZGGG,59287099999,59278099999"
guangzhou,2021-04-24,33,24.7,28.4,36.1,24.7,30.2,21.2,66,0,0,0,,0,0,36.7,23.3,162.2,1009.1,55,13.5,307.5,26.5,10,,2021-04-24T05:59:05,2021-04-24T18:51:36,0.45,Partially cloudy,Partly cloudy throughout the day.,partly-cloudy-day,"ZGGG,59287099999,59278099999"
guangzhou,2021-04-25,27,22.1,24.7,29.2,22.1,25.1,21,80.1,5.79,100,8.33,rain,0,0,36.7,21.6,68.9,1011.4,82.6,12.3,112.2,9.5,4,,2021-04-25T05:58:19,2021-04-25T18:52:02,0.48,"Rain, Partially cloudy",Partly cloudy throughout the day with afternoon rain.,rain,"ZGGG,59287099999,59278099999"
guangzhou,2021-04-26,24,20.8,22.1,24,20.8,22.1,19.5,85.4,2.048,100,16.67,rain,0,0,26.4,14.4,50.7,1013.7,99.5,10.6,175.5,15.2,7,,2021-04-26T05:57:33,2021-04-26T18:52:27,0.5,"Rain, Overcast",Cloudy skies throughout the day with a chance of rain throughout the day.,rain,"ZGGG,59287099999,59278099999"
guangzhou,2021-04-27,22.1,20.8,21.7,22.1,20.8,21.7,20.6,93.1,6.68,100,16.67,rain,0,0,17,10.8,32.1,1014.5,100,6.1,85.3,7.4,3,,2021-04-27T05:56:49,2021-04-27T18:52:53,0.5,"Rain, Overcast",Cloudy skies throughout the day with a chance of rain throughout the day.,rain,"ZGGG,59287099999,59278099999"
guangzhou,2021-04-28,22,19.9,21.2,22,19.9,21.2,20,92.7,11.134,100,20.83,rain,0,0,27.3,21.6,344.8,1015.1,92.7,7.9,187.6,16.4,7,,2021-04-28T05:56:05,2021-04-28T18:53:19,0.52,"Rain, Overcast",Cloudy skies throughout the day with a chance of rain throughout the day.,rain,"ZGGG,59287099999,59278099999"
guangzhou,2021-04-29,28,18.8,23.1,27.8,18.8,23.1,16,66.3,0,0,0,,0,0,31.6,21.6,353.2,1014.1,74.1,13.2,190.8,16.5,7,,2021-04-29T05:55:21,2021-04-29T18:53:45,0.54,Partially cloudy,Partly cloudy throughout the day.,partly-cloudy-day,"ZGGG,59287099999,59278099999"
guangzhou,2021-04-30,31.2,17.5,24.9,31.4,17.5,25,16.9,64.6,0,0,0,,0,0,19.9,10.8,181.9,1012,75.1,11.9,168.5,14.6,5,,2021-04-30T05:54:39,2021-04-30T18:54:12,0.58,Partially cloudy,Partly cloudy throughout the day.,partly-cloudy-day,"ZGGG,59287099999,59278099999"
guangzhou,2021-05-01,33,22,27.7,36.1,22,29.1,20.5,66.8,0,0,0,,0,0,21.8,19.4,205.7,1011.3,46.2,10.6,210.7,18.3,8,,2021-05-01T05:53:58,2021-05-01T18:54:38,0.63,Partially cloudy,Partly cloudy throughout the day.,partly-cloudy-day,"ZGGG,59287099999,59278099999"
guangzhou,2021-05-02,31,20.9,25.8,36.5,20.9,27.1,22.6,83.2,20.574,100,16.67,rain,0,0,50.4,28.8,77.3,1012.1,66.7,6,118.4,10.2,4,,2021-05-02T05:53:17,2021-05-02T18:55:05,0.68,"Rain, Partially cloudy",Partly cloudy throughout the day with rain.,rain,"ZGGG,59287099999,59278099999"
guangzhou,2021-05-03,25,19,22.4,25,19,22.4,20.7,90.2,14.159,100,25,rain,0,0,23,14.4,97.4,1011.9,96.9,9.2,147.9,12.7,4,,2021-05-03T05:52:37,2021-05-03T18:55:32,0.74,"Rain, Overcast",Cloudy skies throughout the day with a chance of rain throughout the day.,rain,"ZGGG,59287099999,59278099999"
guangzhou,2021-05-04,30.3,21.2,24.8,35.1,21.2,25.8,22.1,85.9,34.211,100,20.83,rain,0,0,80.5,28.8,100.7,1010.3,77.1,11.1,137,11.7,5,,2021-05-04T05:51:59,2021-05-04T18:55:59,0.79,"Rain, Partially cloudy",Partly cloudy throughout the day with a chance of rain throughout the day.,rain,"ZGGG,59287099999,59278099999"
guangzhou,2021-05-05,30.2,21.6,26.1,33.3,21.6,27.3,21,74.9,0,0,0,,0,0,80.5,14.4,10.1,1013,66.5,12,264.6,22.8,9,,2021-05-05T05:51:21,2021-05-05T18:56:26,0.84,Partially cloudy,Partly cloudy throughout the day.,partly-cloudy-day,"ZGGG,59287099999,59278099999"
guangzhou,2021-05-06,31,24.1,26.9,34.6,24.1,28.4,22.3,76.9,7.537,100,16.67,rain,0,0,22.9,14.4,143.5,1014,89.9,11.3,194.7,16.9,6,,2021-05-06T05:50:44,2021-05-06T18:56:54,0.89,"Rain, Partially cloudy",Partly cloudy throughout the day with rain clearing later.,rain,"ZGGG,59287099999,59278099999"
guangzhou,2021-05-07,34,23.8,28.6,38.3,23.8,31.3,22.7,71.9,0,0,0,,0,0,23.2,14.4,156.7,1012.2,73.3,11.3,156.7,13.7,6,,2021-05-07T05:50:08,2021-05-07T18:57:21,0.92,Partially cloudy,Partly cloudy throughout the day.,partly-cloudy-day,"ZGGG,59287099999,59278099999"
guangzhou,2021-05-08,34,25.7,29.4,39.4,25.7,33,23.6,72.1,0,0,0,,0,0,28.2,18,181.1,1008.5,59.1,12.2,206.4,17.8,7,,2021-05-08T05:49:33,2021-05-08T18:57:49,0.96,Partially cloudy,Partly cloudy throughout the day.,partly-cloudy-day,"ZGGG,59287099999,59278099999"
guangzhou,2021-05-09,35,26.6,30,40.6,26.6,34.8,24.3,72.9,0.356,100,4.17,rain,0,0,32.7,18,175.5,1007.6,65.2,13.3,174.9,15.1,7,,2021-05-09T05:48:59,2021-05-09T18:58:17,0.98,"Rain, Partially cloudy",Partly cloudy throughout the day with late afternoon rain.,rain,"ZGGG,59287099999,59278099999"
guangzhou,2021-05-10,35,26.4,29.8,39.5,26.4,33.8,23.4,70,0,0,0,,0,0,32.7,18.2,158.7,1007.2,60.1,13.5,261.1,22.4,9,,2021-05-10T05:48:26,2021-05-10T18:58:44,1,Partially cloudy,Partly cloudy throughout the day.,partly-cloudy-day,"ZGGG,59287099999,59278099999"
guangzhou,2021-05-11,35,27,30.8,40.6,29.6,35,23.1,65,0,0,0,,0,0,35.5,25.2,170,1006.7,59.8,13.6,275.2,23.7,9,,2021-05-11T05:47:54,2021-05-11T18:59:12,1,Partially cloudy,Partly cloudy throughout the day.,partly-cloudy-day,"ZGGG,59287099999,59278099999"
guangzhou,2021-05-12,35,26.3,30.6,40.6,26.3,35.2,23.5,67.1,0,0,0,,0,0,38.2,21.7,162.9,1006.9,60.3,13.6,150,13,4,,2021-05-12T05:47:24,2021-05-12T18:59:40,0,Partially cloudy,Partly cloudy throughout the day.,partly-cloudy-day,"ZGGG,59287099999,59278099999"
guangzhou,2021-05-13,35,27,29.9,40.6,30.6,35.4,24.6,73.8,2.424,100,12.5,rain,0,0,38.2,32.4,151.1,1007.2,65.1,13.6,236.4,20.4,8,,2021-05-13T05:46:54,2021-05-13T19:00:09,0.01,"Rain, Partially cloudy",Partly cloudy throughout the day with rain.,rain,"ZGGG,59287099999,59278099999"
guangzhou,2021-05-14,33,26.3,29.1,39.3,26.3,34.7,25.3,80.7,18.098,100,16.67,rain,0,0,51.5,21.6,143.3,1007.6,53.2,13.4,211.7,18.2,7,,2021-05-14T05:46:25,2021-05-14T19:00:37,0.03,"Rain, Partially cloudy",Partly cloudy throughout the day with rain.,rain,"ZGGG,59287099999,59278099999"
guangzhou,2021-05-15,36,27.5,30.7,43.2,31.4,36.5,24.6,71,0,0,0,,0,0,41.6,25.2,161.4,1007.3,58.6,13.6,319.5,27.6,10,,2021-05-15T05:45:58,2021-05-15T19:01:05,0.06,Partially cloudy,Partly cloudy throughout the day.,partly-cloudy-day,"ZGGG,59287099999,59278099999"
guangzhou,2021-05-16,36,27.7,31.1,44.7,31.9,37,24.4,68.2,0.089,100,4.17,rain,0,0,42.2,25.2,171,1007.3,64.1,13.6,305.6,26.5,10,,2021-05-16T05:45:31,2021-05-16T19:01:33,0.09,"Rain, Partially cloudy",Partly cloudy throughout the day with afternoon rain.,rain,"ZGGG,59287099999,59278099999"
guangzhou,2021-05-17,36,27,30.6,44.7,29.6,36.4,24.5,70.8,1.603,100,4.17,rain,0,0,39.6,25.2,169,1008.4,64.8,13.6,221.7,19.3,8,,2021-05-17T05:45:06,2021-05-17T19:02:02,0.14,"Rain, Partially cloudy",Partly cloudy throughout the day with morning rain.,rain,"ZGGG,59287099999,59278099999"
guangzhou,2021-05-18,34,26.9,28.9,40.6,30.1,34,25,80.2,10.787,100,16.67,rain,0,0,46.2,25.2,117.8,1007.9,68.4,13,233.7,20.2,7,,2021-05-18T05:44:42,2021-05-18T19:02:30,0.18,"Rain, Partially cloudy",Partly cloudy throughout the day with rain.,rain,"ZGGG,59287099999,59278099999"
guangzhou,2021-05-19,35,27,30.5,42.3,30.6,36.1,24.6,72,0.1,100,4.17,rain,0,0,42.9,25.2,168.9,1006.2,56.7,13.3,298.2,25.7,10,,2021-05-19T05:44:19,2021-05-19T19:02:58,0.23,"Rain, Partially cloudy",Partly cloudy throughout the day with early morning rain.,rain,"ZGGG,59287099999,59278099999"
guangzhou,2021-05-20,35,28.7,31.4,40.6,33.2,36.4,23.5,64.1,0,0,0,,0,0,41.3,25.2,187.9,1006.6,68,13.6,241,21,8,,2021-05-20T05:43:57,2021-05-20T19:03:26,0.28,Partially cloudy,Partly cloudy throughout the day.,partly-cloudy-day,"ZGGG,59287099999,59278099999"
guangzhou,2021-05-21,37,28.9,32.1,41,33.9,37.6,23.7,62.5,0.089,100,4.17,rain,0,0,40.3,28.8,183.7,1006.1,63,13.6,259.2,22.4,8,,2021-05-21T05:43:36,2021-05-21T19:03:54,0.34,"Rain, Partially cloudy",Partly cloudy throughout the day with early morning rain.,rain,"ZGGG,59287099999,59278099999"
guangzhou,2021-05-22,36,27.5,31.9,44.7,31.4,38.1,24.5,65.8,0,0,0,,0,0,40.3,24.2,163,1005.4,57.5,13.6,323.6,28,10,,2021-05-22T05:43:16,2021-05-22T19:04:22,0.39,Partially cloudy,Partly cloudy throughout the day.,partly-cloudy-day,"ZGGG,59287099999,59278099999"
guangzhou,2021-05-23,37,27.5,31.8,44.9,31.6,38.2,24.7,67.4,0,0,0,,0,0,40.3,18,147.1,1006.6,58.8,13.6,297.4,25.7,9,,2021-05-23T05:42:57,2021-05-23T19:04:50,0.44,Partially cloudy,Partly cloudy throughout the day.,partly-cloudy-day,"ZGGG,59287099999,59278099999"
guangzhou,2021-05-24,32,27.3,29.5,40.7,31.4,35.9,25.5,79.2,2.138,100,4.17,rain,0,0,31.7,14.2,69.1,1009.1,67.7,13.5,210.4,18,7,,2021-05-24T05:42:40,2021-05-24T19:05:18,0.47,"Rain, Partially cloudy",Partly cloudy throughout the day with afternoon rain.,rain,"ZGGG,59287099999,59278099999"
guangzhou,2021-05-25,35,25,28.7,42.1,25,32.6,24.2,77.7,2.994,100,16.67,rain,0,0,30.1,14.4,102.2,1009.7,57.5,12.2,229.2,19.7,8,,2021-05-25T05:42:24,2021-05-25T19:05:46,0.49,"Rain, Partially cloudy",Partly cloudy throughout the day with a chance of rain throughout the day.,rain,"ZGGG,59287099999,59278099999"
guangzhou,2021-05-26,32,25.6,28.5,39.2,25.6,32.9,25,81.7,17.619,100,16.67,rain,0,0,38.9,14.4,137.4,1008.6,61.2,12.8,295.5,25.5,9,,2021-05-26T05:42:09,2021-05-26T19:06:13,0.5,"Rain, Partially cloudy",Partly cloudy throughout the day with a chance of rain throughout the day.,rain,"ZGGG,59287099999,59278099999"
guangzhou,2021-05-27,34.1,26.2,30.5,42,26.2,36.7,25.2,74.6,2.03,100,8.33,rain,0,0,38.6,25.2,176.8,1008.6,59,13.5,298.2,25.6,9,,2021-05-27T05:41:55,2021-05-27T19:06:40,0.51,"Rain, Partially cloudy",Partly cloudy throughout the day with rain.,rain,"ZGGG,59287099999,59278099999"
guangzhou,2021-05-28,36,26.9,31.7,43.3,30.4,38.2,24.8,68,0,0,0,,0,0,38.6,21.6,208.4,1008.4,68.2,13.6,243.8,21.2,8,,2021-05-28T05:41:42,2021-05-28T19:07:07,0.53,Partially cloudy,Partly cloudy throughout the day.,partly-cloudy-day,"ZGGG,59287099999,59278099999"
guangzhou,2021-05-29,35,25.5,29.2,44.9,25.5,34,25,79.1,33.406,100,16.67,rain,0,0,61.2,43.2,202.9,1006,64.2,12.2,222.6,19.2,8,,2021-05-29T05:41:30,2021-05-29T19:07:34,0.56,"Rain, Partially cloudy",Partly cloudy throughout the day with rain.,rain,"ZGGG,59287099999,59278099999"
guangzhou,2021-05-30,35,25.3,29.8,43.3,25.3,35,25.3,78.7,3.477,100,12.5,rain,0,0,61.2,18,222.2,1004.1,66,11.6,116.8,10.2,4,,2021-05-30T05:41:20,2021-05-30T19:08:00,0.61,"Rain, Partially cloudy",Partly cloudy throughout the day with rain.,rain,"ZGGG,59287099999,59278099999"
guangzhou,2021-05-31,34,24.5,28.3,45.3,24.5,33.9,26,87.8,59.761,100,20.83,rain,0,0,50.6,18.9,231.9,1003.2,86.1,10.8,95.5,8.2,3,,2021-05-31T05:41:11,2021-05-31T19:08:27,0.66,"Rain, Partially cloudy",Partly cloudy throughout the day with a chance of rain throughout the day.,rain,"ZGGG,59287099999,59278099999"
guangzhou,2021-06-01,28.5,24,25.7,34.7,24,26.8,24.7,94.3,78.518,100,20.83,rain,0,0,50.6,21.6,102.3,1005.3,91.3,7.9,95.8,8.3,3,,2021-06-01T05:41:02,2021-06-01T19:08:52,0.71,"Rain, Overcast",Cloudy skies throughout the day with a chance of rain throughout the day.,rain,"ZGGG,59287099999,59278099999"
guangzhou,2021-06-02,29.2,24,25.7,35.8,24,27.1,24.5,92.9,20.237,100,16.67,rain,0,0,43.2,18,78.5,1006.4,87.4,9.2,212.8,18.3,7,,2021-06-02T05:40:55,2021-06-02T19:09:18,0.76,"Rain, Partially cloudy",Partly cloudy throughout the day with a chance of rain throughout the day.,rain,"ZGGG,59287099999,59278099999"
guangzhou,2021-06-03,35,24,29.3,44.9,24,34.6,25.2,79.6,0.354,100,12.5,rain,0,0,32.6,16.7,137.4,1005.3,69.6,12.2,228.9,19.7,7,,2021-06-03T05:40:49,2021-06-03T19:09:43,0.81,"Rain, Partially cloudy",Partly cloudy throughout the day with a chance of rain throughout the day.,rain,"ZGGG,59287099999,59278099999"
guangzhou,2021-06-04,29,23.6,25.3,35.6,23.6,26,22.4,84.3,17.73,100,16.67,rain,0,0,37.2,25.2,353,1005.2,80.3,13.1,207,17.9,8,,2021-06-04T05:40:45,2021-06-04T19:10:07,0.86,"Rain, Partially cloudy",Partly cloudy throughout the day with a chance of rain throughout the day.,rain,"ZGGG,59287099999,59278099999"
guangzhou,2021-06-05,30.1,22.4,26.3,32.6,22.4,27.3,20,69.2,0,0,0,,0,0,29.7,14.4,329.9,1004.6,80.1,13.3,223.3,19.3,8,,2021-06-05T05:40:41,2021-06-05T19:10:31,0.9,Partially cloudy,Partly cloudy throughout the day.,partly-cloudy-day,"ZGGG,59287099999,59278099999"
guangzhou,2021-06-06,34.1,23,28.8,36.4,23,30.2,20.7,64.7,0,0,0,,0,0,20.9,10.8,45.3,1004,35.1,12.1,305.1,26.3,9,,2021-06-06T05:40:39,2021-06-06T19:10:55,0.94,Partially cloudy,Partly cloudy throughout the day.,partly-cloudy-day,"ZGGG,59287099999,59278099999"
guangzhou,2021-06-07,34,25.9,29.8,39.4,25.9,33.7,23.4,69.6,0,0,0,,0,0,20.3,10.8,96.4,1006.5,58,12.6,307,26.6,10,,2021-06-07T05:40:37,2021-06-07T19:11:18,0.97,Partially cloudy,Partly cloudy throughout the day.,partly-cloudy-day,"ZGGG,59287099999,59278099999"
guangzhou,2021-06-08,35,25.3,30.4,40.6,25.3,34.5,23.3,66.9,0,0,0,,0,0,29.8,18,110.4,1007.3,47.3,13.1,274,23.8,8,,2021-06-08T05:40:37,2021-06-08T19:11:41,0.99,Partially cloudy,Partly cloudy throughout the day.,partly-cloudy-day,"ZGGG,59287099999,59278099999"
guangzhou,2021-06-09,35,25.8,30.3,41.9,25.8,35,24,70.2,0.875,100,12.5,rain,0,0,29.7,14.4,118.6,1006.5,58.2,13.4,256.3,22.3,8,,2021-06-09T05:40:38,2021-06-09T19:12:03,1,"Rain, Partially cloudy",Partly cloudy throughout the day with rain.,rain,"ZGGG,59287099999,59278099999"
guangzhou,2021-06-10,33,26.1,28.7,40.6,26.1,33,24.4,78.4,7.936,100,12.5,rain,0,0,32.9,18,75.6,1005.3,56.6,12.4,180.5,15.6,5,,2021-06-10T05:40:39,2021-06-10T19:12:25,0,"Rain, Partially cloudy",Partly cloudy throughout the day with rain.,rain,"ZGGG,59287099999,59278099999"
guangzhou,2021-06-11,35,25.5,29.1,41.9,25.5,33.7,24.7,78.1,0.122,100,8.33,rain,0,0,45.9,18,58.6,1005.3,61.9,12.9,269.7,23.3,9,,2021-06-11T05:40:42,2021-06-11T19:12:45,0.01,"Rain, Partially cloudy",Partly cloudy throughout the day with rain.,rain,"ZGGG,59287099999,59278099999"
guangzhou,2021-06-12,32,26.5,29.1,39.2,26.5,33.8,24.4,76.3,3.636,100,12.5,rain,0,0,44.9,25.2,102.3,1007,61.3,13.5,255.7,21.9,8,,2021-06-12T05:40:46,2021-06-12T19:13:06,0.02,"Rain, Partially cloudy",Partly cloudy throughout the day with rain.,rain,"ZGGG,59287099999,59278099999"
guangzhou,2021-06-13,32,25.9,27.8,39.2,25.9,31.4,25.1,86.1,8.19,100,16.67,rain,0,0,39.8,54,105.5,1008,63.2,12.8,116.3,10.1,4,,2021-06-13T05:40:51,2021-06-13T19:13:25,0.04,"Rain, Partially cloudy",Partly cloudy throughout the day with a chance of rain throughout the day.,rain,"ZGGG,59287099999,59278099999"
guangzhou,2021-06-14,30,26,27.9,38.8,26,32,25.7,88.2,7.843,100,12.5,rain,0,0,35.2,21.6,128.6,1005.3,73.6,12.7,194.9,16.8,6,,2021-06-14T05:40:57,2021-06-14T19:13:44,0.08,"Rain, Partially cloudy",Partly cloudy throughout the day with rain clearing later.,rain,"ZGGG,59287099999,59278099999"
guangzhou,2021-06-15,35,27,30.4,44.9,30.6,36.6,25.2,74.8,0,0,0,,0,0,36.8,21.6,162.8,1003.1,50,13.5,268.5,23.2,8,,2021-06-15T05:41:04,2021-06-15T19:14:02,0.12,Partially cloudy,Partly cloudy throughout the day.,partly-cloudy-day,"ZGGG,59287099999,59278099999"
guangzhou,2021-06-16,35,26,29.7,43.3,26,35.7,25.4,78.8,2.148,100,12.5,rain,0,0,41.5,21.6,162.5,1004.9,60.9,13.4,202.3,17.4,6,,2021-06-16T05:41:12,2021-06-16T19:14:19,0.16,"Rain, Partially cloudy",Partly cloudy throughout the day with rain.,rain,"ZGGG,59287099999,59278099999"
guangzhou,2021-06-17,35,27.3,30.8,44.9,31.6,38.2,25.8,75.7,0.83,100,4.17,rain,0,0,36.5,18,166.9,1006.4,72.5,13.5,157.2,13.7,5,,2021-06-17T05:41:21,2021-06-17T19:14:36,0.21,"Rain, Partially cloudy",Partly cloudy throughout the day with afternoon rain.,rain,"ZGGG,59287099999,59278099999"
guangzhou,2021-06-18,37,27.9,31.9,46,32.5,39.3,25.3,69.3,0,0,0,,0,0,32.5,21.6,192.8,1005.5,60.6,13.5,230.2,19.7,7,,2021-06-18T05:41:30,2021-06-18T19:14:52,0.27,Partially cloudy,Partly cloudy throughout the day.,partly-cloudy-day,"ZGGG,59287099999,59278099999"
guangzhou,2021-06-19,37,28.7,32.3,45.3,34.5,39.9,25.3,68,0,0,0,,0,0,29.9,25.2,193.8,1003.3,67.4,13.2,152.2,13.1,5,,2021-06-19T05:41:41,2021-06-19T19:15:07,0.32,Partially cloudy,Partly cloudy throughout the day.,partly-cloudy-day,"ZGGG,59287099999,59278099999"
guangzhou,2021-06-20,37,28.9,32.2,46.7,34.9,40.3,25.7,69.3,0,0,0,,0,0,33.6,21.6,186.5,1001.5,64.1,13.6,176.3,15.2,6,,2021-06-20T05:41:53,2021-06-20T19:15:21,0.38,Partially cloudy,Partly cloudy throughout the day.,partly-cloudy-day,"ZGGG,59287099999,59278099999"
guangzhou,2021-06-21,36,25,31.9,44.7,25,39,25.3,69.8,63.317,100,8.33,rain,0,0,36.1,32.4,201.7,1001.8,58.7,12.9,152.2,13,5,,2021-06-21T05:42:05,2021-06-21T19:15:34,0.42,"Rain, Partially cloudy",Partly cloudy throughout the day with late afternoon rain.,rain,"ZGGG,59287099999,59278099999"
guangzhou,2021-06-22,29,24,26.8,36.8,24,29.6,24.9,89.7,28.571,100,29.17,rain,0,0,45.5,18,192.6,1004.4,92.7,7.7,104.3,9,4,,2021-06-22T05:42:18,2021-06-22T19:15:46,0.46,"Rain, Overcast",Cloudy skies throughout the day with a chance of rain throughout the day.,rain,"ZGGG,59287099999,59278099999"
guangzhou,2021-06-23,29,24.8,26.3,35.6,24.8,28.1,24.5,90.1,62.249,100,29.17,rain,0,0,28.9,25.2,217.6,1005,89.4,9.2,88.9,7.6,3,,2021-06-23T05:42:32,2021-06-23T19:15:58,0.49,"Rain, Partially cloudy",Partly cloudy throughout the day with a chance of rain throughout the day.,rain,"ZGGG,59287099999,59278099999"
guangzhou,2021-06-24,32,24,26.6,37.9,24,28.7,24.3,88.3,1.901,100,16.67,rain,0,0,28.9,14.4,105.5,1005.1,88,7.8,174.4,15.2,6,,2021-06-24T05:42:47,2021-06-24T19:16:08,0.5,"Rain, Partially cloudy",Partly cloudy throughout the day with a chance of rain throughout the day.,rain,"ZGGG,59287099999,59278099999"
guangzhou,2021-06-25,34,25,28.1,43.5,25,32,25.4,86.2,15.177,100,16.67,rain,0,0,38.5,25.2,120.4,1005.1,85.9,8,237.3,20.7,7,,2021-06-25T05:43:03,2021-06-25T19:16:18,0.51,"Rain, Partially cloudy",Partly cloudy throughout the day with a chance of rain throughout the day.,rain,"ZGGG,59287099999,59278099999"
guangzhou,2021-06-26,33,26,28.1,43.8,26,32.3,25.9,88.2,6.958,100,16.67,rain,0,0,39.1,18,137,1006,76.7,10.4,282.6,24.5,9,,2021-06-26T05:43:19,2021-06-26T19:16:26,0.53,"Rain, Partially cloudy",Partly cloudy throughout the day with rain.,rain,"ZGGG,59287099999,59278099999"
guangzhou,2021-06-27,35,26.4,29.3,43.5,26.4,35.3,26.1,84.4,2.606,100,12.5,rain,0,0,61.3,28.8,162,1005.1,71,11.1,237.3,20.6,8,,2021-06-27T05:43:36,2021-06-27T19:16:34,0.55,"Rain, Partially cloudy",Partly cloudy throughout the day with rain.,rain,"ZGGG,59287099999,59278099999"
guangzhou,2021-06-28,32,24,27.9,42.3,24,32.7,26,89.5,29.325,100,20.83,rain,0,0,61.3,39.6,135.6,1003.7,74,12,137.8,11.9,5,,2021-06-28T05:43:54,2021-06-28T19:16:40,0.59,"Rain, Partially cloudy",Partly cloudy throughout the day with rain.,rain,"ZGGG,59287099999,59278099999"
guangzhou,2021-06-29,32,26.9,29.1,42.3,30.8,35.9,26.4,85.7,52.228,100,12.5,rain,0,0,34.3,18,146,1003.6,63.9,12.3,127,10.9,4,,2021-06-29T05:44:12,2021-06-29T19:16:46,0.64,"Rain, Partially cloudy",Partly cloudy throughout the day with a chance of rain throughout the day.,rain,"ZGGG,59287099999,59278099999"
guangzhou,2021-06-30,34,28,30.1,43.5,33.5,37,25.7,77.9,0.71,100,12.5,rain,0,0,39.8,27,159.7,1004.4,65.9,13.5,127.3,11,4,,2021-06-30T05:44:31,2021-06-30T19:16:50,0.69,"Rain, Partially cloudy",Partly cloudy throughout the day with rain.,rain,"ZGGG,59287099999,59278099999"
guangzhou,2022-07-01,33,26.1,28.9,42.1,26.1,33.9,25,79.8,3.88,100,16.67,rain,0,0,57.6,25.2,57,1001.8,73,13.6,195.6,17,9,30,2022-07-01T05:44:47,2022-07-01T19:16:53,0.03,"Rain, Partially cloudy",Partly cloudy throughout the day with rain.,rain,"ZGGG,59287099999,59278099999"
guangzhou,2022-07-02,27,25,26.1,31.2,25,27,24.9,93.1,57.46,100,25,rain,0,0,70.2,28.8,74,998.5,86.2,10.6,12.3,1,1,10,2022-07-02T05:45:07,2022-07-02T19:16:56,0.05,"Rain, Partially cloudy",Partly cloudy throughout the day with a chance of rain throughout the day.,rain,"ZGGG,59287099999,59278099999"
guangzhou,2022-07-03,30,26,27.1,37.4,26,30.8,26.2,94.9,47.681,100,25,rain,0,0,63.4,32.4,142.6,998.8,95.3,11,45.8,4.1,5,30,2022-07-03T05:45:28,2022-07-03T19:16:57,0.08,"Rain, Overcast",Cloudy skies throughout the day with a chance of rain throughout the day.,rain,"ZGGG,59287099999,59278099999"
guangzhou,2022-07-04,29,26,27.5,38.2,26,32.6,26.7,95.8,15.105,100,20.83,rain,0,0,51.6,25.2,162.5,999.9,87.1,11.7,24.7,2.3,1,10,2022-07-04T05:45:49,2022-07-04T19:16:57,0.12,"Rain, Partially cloudy",Partly cloudy throughout the day with a chance of rain throughout the day.,rain,"ZGGG,59287099999,59278099999"
guangzhou,2022-07-05,31,27,28.6,42.4,31.3,35.8,27.1,92.2,1.763,100,16.67,rain,0,0,31.2,18,161.6,1002.4,88.4,12.9,232.9,20,9,60,2022-07-05T05:46:11,2022-07-05T19:16:56,0.17,"Rain, Partially cloudy",Partly cloudy throughout the day with a chance of rain throughout the day.,rain,"ZGGG,59287099999,59278099999"
guangzhou,2022-07-06,29.2,26,27.9,36.8,26,33.2,26.2,91,3.585,100,12.5,rain,0,0,27.6,14.4,118.3,1004.6,88.5,13.2,37.2,3.2,2,30,2022-07-06T05:46:33,2022-07-06T19:16:54,0.22,"Rain, Partially cloudy",Partly cloudy throughout the day with rain.,rain,"ZGGG,59287099999,59278099999"
guangzhou,2022-07-07,32,24,27,40.7,24,30.2,25.8,93.7,36.251,100,25,rain,0,0,39.2,18,116.7,1006.5,79.4,12.4,98.7,8.5,8,30,2022-07-07T05:46:55,2022-07-07T19:16:51,0.27,"Rain, Partially cloudy",Partly cloudy throughout the day with a chance of rain throughout the day.,rain,"ZGGG,59287099999,59278099999"
guangzhou,2022-07-08,34,25.9,29,43.5,25.9,34,26,85.3,2.568,100,12.5,rain,0,0,27.6,18,100.5,1007.1,58.8,13.2,287.3,24.7,9,30,2022-07-08T05:47:18,2022-07-08T19:16:47,0.33,"Rain, Partially cloudy",Partly cloudy throughout the day with rain in the morning and afternoon.,rain,"ZGGG,59287099999,59278099999"
guangzhou,2022-07-09,35,26.1,30.3,44.9,26.1,37.4,26.1,79.7,5.404,100,12.5,rain,0,0,23.8,10.8,91.2,1005.2,69,12.4,262.5,22.6,9,30,2022-07-09T05:47:42,2022-07-09T19:16:41,0.38,"Rain, Partially cloudy",Partly cloudy throughout the day with rain.,rain,"ZGGG,59287099999,59278099999"
guangzhou,2022-07-10,36,26.6,31.1,46.7,26.6,38.6,25.9,75.5,0.378,100,16.67,rain,0,0,27.7,18,117.1,1005.8,44.8,12.9,234.3,20.2,7,30,2022-07-10T05:48:05,2022-07-10T19:16:34,0.42,"Rain, Partially cloudy",Partly cloudy throughout the day with rain clearing later.,rain,"ZGGG,59287099999,59278099999"
guangzhou,2022-07-11,37,26.5,31.6,44.7,26.5,37.8,24.7,68.9,0,0,0,rain,0,0,28.4,18,126.3,1006.6,37.9,13.2,241.7,20.8,8,60,2022-07-11T05:48:29,2022-07-11T19:16:26,0.46,Partially cloudy,Partly cloudy throughout the day.,partly-cloudy-day,"ZGGG,59287099999,59278099999"
guangzhou,2022-07-12,35.7,25.8,31.5,43.3,25.8,37.7,24.7,68.6,0,0,0,,0,0,25.6,14.4,118.9,1006.4,27.4,13.4,323.8,28,10,30,2022-07-12T05:48:54,2022-07-12T19:16:17,0.49,Partially cloudy,Partly cloudy throughout the day.,partly-cloudy-day,"ZGGG,59287099999,59278099999"
guangzhou,2022-07-13,37,26.3,31.7,44.5,26.3,37.2,24,65.5,0,0,0,rain,0,0,24.8,10.8,96.3,1005.3,36,13.5,328.7,28.3,10,30,2022-07-13T05:49:18,2022-07-13T19:16:07,0.5,Partially cloudy,Partly cloudy throughout the day.,partly-cloudy-day,"ZGGG,59287099999,59278099999"
guangzhou,2022-07-14,37,26.9,31.9,43.2,30,38.1,24.4,66,0,0,0,,0,0,25.2,14.4,174.8,1004.8,40.9,13.5,317.1,27.5,10,30,2022-07-14T05:49:43,2022-07-14T19:15:56,0.51,Partially cloudy,Becoming cloudy in the afternoon.,partly-cloudy-day,"ZGGG,59287099999,59278099999"
guangzhou,2022-07-15,38,26.4,30.3,49,26.4,37.1,25.9,78.8,27.457,100,12.5,rain,0,0,50.4,28.8,174,1005.7,77.2,13.1,252.5,22,8,30,2022-07-15T05:50:08,2022-07-15T19:15:43,0.53,"Rain, Partially cloudy",Partly cloudy throughout the day with rain.,rain,"ZGGG,59287099999,59278099999"
guangzhou,2022-07-16,37,26.7,31.5,47.6,30.3,39.2,26,74.3,0.089,100,4.17,rain,0,0,46.5,18,193.4,1004.8,67.9,13.5,250.8,21.5,9,30,2022-07-16T05:50:34,2022-07-16T19:15:29,0.55,"Rain, Partially cloudy",Partly cloudy throughout the day with afternoon rain.,rain,"ZGGG,59287099999,59278099999"
guangzhou,2022-07-17,35,29,31.3,44.9,36,40.3,26.5,76.3,0,0,0,rain,0,0,29.2,21.6,202,1004.3,63.7,13.6,230.9,20,8,30,2022-07-17T05:50:59,2022-07-17T19:15:14,0.6,Partially cloudy,Partly cloudy throughout the day.,partly-cloudy-day,"ZGGG,59287099999,59278099999"
guangzhou,2022-07-18,35,29.1,31.2,46.7,36.1,40.7,26.9,78.3,0.445,100,8.33,rain,0,0,33.2,21.6,169.3,1003.5,77.4,13.5,242.9,21,9,30,2022-07-18T05:51:25,2022-07-18T19:14:58,0.65,"Rain, Partially cloudy",Partly cloudy throughout the day with rain clearing later.,rain,"ZGGG,59287099999,59278099999"
guangzhou,2022-07-19,35,28.5,31.5,45.3,34.9,39.9,26.2,74.5,0.891,100,4.17,rain,0,0,33.2,18,147.7,1005.2,67.1,13.6,282.9,24.3,9,30,2022-07-19T05:51:51,2022-07-19T19:14:40,0.7,"Rain, Partially cloudy",Partly cloudy throughout the day with afternoon rain.,rain,"ZGGG,59287099999,59278099999"
guangzhou,2022-07-20,37,27,31.7,46,31,38.7,25.3,70.4,0,0,0,rain,0,0,42.4,24.8,139.3,1008.8,57.7,13.6,243.6,21.1,8,30,2022-07-20T05:52:17,2022-07-20T19:14:22,0.75,Partially cloudy,Partly cloudy throughout the day.,partly-cloudy-day,"ZGGG,59287099999,59278099999"
guangzhou,2022-07-21,36,26.8,32,44.7,30.2,39,25.3,69.6,0,0,0,rain,0,0,42.4,18,131.1,1011.1,60.4,13.6,239.3,20.7,9,30,2022-07-21T05:52:43,2022-07-21T19:14:02,0.8,Partially cloudy,Partly cloudy throughout the day.,partly-cloudy-day,"ZGGG,59287099999,59278099999"
guangzhou,2022-07-22,39,27.1,32.8,45.8,30.6,39.1,24.3,63.3,0,0,0,,0,0,28.8,10.8,251.1,1010.4,21,13.6,328.5,28.4,10,30,2022-07-22T05:53:09,2022-07-22T19:13:41,0.85,Partially cloudy,Partly cloudy throughout the day.,partly-cloudy-day,"ZGGG,59287099999,59278099999"
guangzhou,2022-07-23,38,28,33.2,45.9,33.2,40.3,24.7,63.4,0,0,0,,0,0,18.8,10.8,276.7,1007.8,16.2,13.4,325.4,28.2,10,60,2022-07-23T05:53:35,2022-07-23T19:13:19,0.89,Clear,Clear conditions throughout the day.,clear-day,"ZGGG,59287099999,59278099999"
guangzhou,2022-07-24,40,28.7,34.1,46,36.1,42.4,25.3,62.5,0,0,0,,0,0,19.8,14.4,235.8,1006.2,17.9,13.5,326.7,28.2,10,60,2022-07-24T05:54:01,2022-07-24T19:12:55,0.93,Clear,Clear conditions throughout the day.,clear-day,"ZGGG,59287099999,59278099999"
guangzhou,2022-07-25,40,28.4,34.3,50,35.4,43.9,26.1,64.6,0,0,0,,0,0,18,18,149.5,1006.3,24.1,13,325.6,28.1,10,75,2022-07-25T05:54:27,2022-07-25T19:12:31,0.96,Partially cloudy,Partly cloudy throughout the day.,partly-cloudy-day,"ZGGG,59287099999,59278099999"
guangzhou,2022-07-26,39,30.3,33.7,47.2,39.1,42.8,25.9,65.5,0,0,0,,0,0,25.6,14.4,151,1006.4,60.6,13,325.3,28.1,10,75,2022-07-26T05:54:53,2022-07-26T19:12:05,0.98,Partially cloudy,Partly cloudy throughout the day.,partly-cloudy-day,"ZGGG,59287099999,59278099999"
guangzhou,2022-07-27,38,28.9,33.1,44.5,35.7,40.7,25.1,65.3,0,0,0,,0,0,24.8,14.4,165.2,1006.1,57.5,13.5,325.8,28.1,10,60,2022-07-27T05:55:19,2022-07-27T19:11:38,1,Partially cloudy,Partly cloudy throughout the day.,partly-cloudy-day,"ZGGG,59287099999,59278099999"
guangzhou,2022-07-28,39,28.2,33.4,46,34.2,41.6,25.4,65.5,0,0,0,,0,0,25.2,10.8,232.9,1005.2,42.5,13,324.4,28,10,60,2022-07-28T05:55:45,2022-07-28T19:11:10,1,Partially cloudy,Partly cloudy throughout the day.,partly-cloudy-day,"ZGGG,59287099999,59278099999"
guangzhou,2022-07-29,39,28.3,34.2,45.8,35.2,42,24.9,61.7,0,0,0,rain,0,0,29.2,14.4,249.5,1003.8,65,11.9,263.4,22.7,9,60,2022-07-29T05:56:10,2022-07-29T19:10:41,0,Partially cloudy,Partly cloudy throughout the day.,partly-cloudy-day,"ZGGG,59287099999,59278099999"
guangzhou,2022-07-30,38,24,30,46,24,34.9,24.9,76.1,0.891,100,8.33,rain,0,0,79.2,50.4,63,1003.9,61.6,12.2,314.9,27.3,10,60,2022-07-30T05:56:36,2022-07-30T19:10:11,0.01,"Rain, Partially cloudy",Partly cloudy throughout the day with rain.,rain,"ZGGG,59287099999,59278099999"
guangzhou,2022-07-31,37,25,31.1,43.2,25,35.1,23.9,68.5,0,0,0,rain,0,0,37.6,10.8,235.7,1003.7,27.3,13.2,321,27.7,10,30,2022-07-31T05:57:02,2022-07-31T19:09:40,0.04,Partially cloudy,Partly cloudy throughout the day.,partly-cloudy-day,"ZGGG,59287099999,59278099999"
guangzhou,2022-08-01,38,28,33.3,43.3,33.2,39.8,24.2,61.7,0,0,0,,0,0,22.3,14.4,168.4,1004.9,31.8,12.5,315.7,27.5,9,30,2022-08-01T05:57:27,2022-08-01T19:09:07,0.07,Partially cloudy,Partly cloudy throughout the day.,partly-cloudy-day,"ZGGG,59287099999,59278099999"
guangzhou,2022-08-02,38,28.1,33.2,43.2,33.2,39.5,24.1,61.1,0,0,0,,0,0,21.6,14.4,141.3,1006.3,46.6,13.6,266.5,23,10,30,2022-08-02T05:57:53,2022-08-02T19:08:34,0.1,Partially cloudy,Partly cloudy throughout the day.,partly-cloudy-day,"ZGGG,59287099999,59278099999"
guangzhou,2022-08-03,34,26.2,28.9,42,26.2,34.1,25.4,82,9.311,100,25,rain,0,0,26,14.4,35.4,1006.5,73.1,11.9,78,6.6,8,30,2022-08-03T05:58:18,2022-08-03T19:07:59,0.14,"Rain, Partially cloudy",Partly cloudy throughout the day with a chance of rain throughout the day.,rain,"ZGGG,59287099999,59278099999"
guangzhou,2022-08-04,31,25,27.1,37.7,25,29.5,25.4,91.2,22.48,100,20.83,rain,0,0,37.6,28.8,26.1,1004.3,84.3,9,80.2,6.9,4,30,2022-08-04T05:58:43,2022-08-04T19:07:24,0.2,"Rain, Partially cloudy",Partly cloudy throughout the day with a chance of rain throughout the day.,rain,"ZGGG,59287099999,59278099999"
guangzhou,2022-08-05,32,25.5,28.3,39.2,25.5,31.7,25.2,84.8,12.973,100,25,rain,0,0,37.6,25.2,118.5,1006.4,67.8,12.8,61.3,5.3,7,10,2022-08-05T05:59:08,2022-08-05T19:06:47,0.25,"Rain, Partially cloudy",Partly cloudy throughout the day with a chance of rain throughout the day.,rain,"ZGGG,59287099999,59278099999"
guangzhou,2022-08-06,34,25.3,28.7,42,25.3,33.1,25.3,83.2,2.891,100,4.17,rain,0,0,28.8,21.6,83.2,1007.4,64.5,13.4,230.9,19.8,8,30,2022-08-06T05:59:33,2022-08-06T19:06:09,0.31,"Rain, Partially cloudy",Partly cloudy throughout the day with afternoon rain.,rain,"ZGGG,59287099999,59278099999"
guangzhou,2022-08-07,36,24.6,30.6,43.2,24.6,35.2,24.6,72.8,0,0,0,,0,0,28.8,14.4,81.2,1006.6,48.6,13.1,261.2,22.6,9,30,2022-08-07T05:59:57,2022-08-07T19:05:31,0.36,Partially cloudy,Partly cloudy throughout the day.,partly-cloudy-day,"ZGGG,59287099999,59278099999"
guangzhou,2022-08-08,36,25.2,29.5,44.9,25.2,33.8,24.6,76.3,15.476,100,16.67,rain,0,0,51.6,43.2,74.4,1006.6,65,13.2,219.7,19,9,30,2022-08-08T06:00:22,2022-08-08T19:04:51,0.41,"Rain, Partially cloudy",Partly cloudy throughout the day with rain.,rain,"ZGGG,59287099999,59278099999"
guangzhou,2022-08-09,30.5,25,27.1,37.4,25,29.2,24.2,84.4,4.691,100,20.83,rain,0,0,51.6,28.8,65.8,1004.9,64.4,13.1,117.8,10.2,8,30,2022-08-09T06:00:46,2022-08-09T19:04:10,0.45,"Rain, Partially cloudy",Partly cloudy throughout the day with a chance of rain throughout the day.,rain,"ZGGG,59287099999,59278099999"
guangzhou,2022-08-10,31,24.7,26.5,39.1,24.7,28.7,25.2,93.2,48.816,100,29.17,rain,0,0,49.3,28.8,74.1,1004.3,90.1,10.2,44.4,3.8,2,10,2022-08-10T06:01:10,2022-08-10T19:03:29,0.48,"Rain, Overcast",Cloudy skies throughout the day with a chance of rain throughout the day.,rain,"ZGGG,59287099999,59278099999"
guangzhou,2022-08-11,29.1,25,26.5,36.8,25,28.9,25.5,94.2,25.061,100,16.67,rain,0,0,57.6,14.4,76.5,1007.4,67.8,11.5,260,22.6,8,30,2022-08-11T06:01:34,2022-08-11T19:02:47,0.5,"Rain, Partially cloudy",Partly cloudy throughout the day with a chance of rain throughout the day.,rain,"ZGGG,59287099999,59278099999"
guangzhou,2022-08-12,30,24.3,26,37.4,24.3,27,25.1,94.6,16.553,100,16.67,rain,0,0,29.2,10.8,64.9,1008.6,63.4,12.5,219.8,19,9,30,2022-08-12T06:01:57,2022-08-12T19:02:03,0.5,"Rain, Partially cloudy",Partly cloudy throughout the day with a chance of rain throughout the day.,rain,"ZGGG,59287099999,59278099999"
guangzhou,2022-08-13,32,23.8,27.6,40.7,23.8,31.6,25.2,87.5,0.747,100,20.83,rain,0,0,23.2,14.4,88.1,1007.7,68.6,11.9,233.6,20.2,9,30,2022-08-13T06:02:21,2022-08-13T19:01:19,0.52,"Rain, Partially cloudy",Partly cloudy throughout the day with a chance of rain throughout the day.,rain,"ZGGG,59287099999,59278099999"
guangzhou,2022-08-14,35,25.4,30.3,42,25.4,35.5,25.3,76.8,0.033,100,8.33,rain,0,0,23.2,10.8,168.7,1006.6,47.7,11.4,291.9,25.3,10,60,2022-08-14T06:02:44,2022-08-14T19:00:34,0.54,"Rain, Partially cloudy",Partly cloudy throughout the day with rain clearing later.,rain,"ZGGG,59287099999,59278099999"
guangzhou,2022-08-15,37,27.4,32.2,46,32.3,39.5,25.4,69.7,0,0,0,rain,0,0,22.4,14.4,135.9,1005.5,55.1,13.7,304,26.3,10,30,2022-08-15T06:03:07,2022-08-15T18:59:48,0.58,Partially cloudy,Partly cloudy throughout the day.,partly-cloudy-day,"ZGGG,59287099999,59278099999"
guangzhou,2022-08-16,35,27.2,30.9,43.3,31.3,37.4,25.1,72.4,0.437,100,4.17,rain,0,0,25.6,14.4,70.7,1005.3,62.5,13.5,271.1,23.5,10,30,2022-08-16T06:03:29,2022-08-16T18:59:01,0.62,"Rain, Partially cloudy",Partly cloudy throughout the day with late afternoon rain.,rain,"ZGGG,59287099999,59278099999"
guangzhou,2022-08-17,34,26.3,29.3,43.5,26.3,34.8,25.4,80.7,1.969,100,29.17,rain,0,0,32.8,18,75.8,1005.6,70.7,13.4,234.8,20.2,9,30,2022-08-17T06:03:52,2022-08-17T18:58:14,0.67,"Rain, Partially cloudy",Partly cloudy throughout the day with a chance of rain throughout the day.,rain,"ZGGG,59287099999,59278099999"
guangzhou,2022-08-18,33,25.4,28.8,42.1,25.4,34,25.3,82.2,0.241,100,8.33,rain,0,0,32,10.8,83.3,1005.2,63.5,13.3,199,17.3,7,30,2022-08-18T06:04:14,2022-08-18T18:57:25,0.72,"Rain, Partially cloudy",Partly cloudy throughout the day with rain in the morning and afternoon.,rain,"ZGGG,59287099999,59278099999"
guangzhou,2022-08-19,35,25.9,29.2,43.3,25.9,34.8,25.7,82.8,1.142,100,8.33,rain,0,0,28.8,46.8,54.8,1004.7,54.2,12.9,235,20.6,8,30,2022-08-19T06:04:36,2022-08-19T18:56:36,0.77,"Rain, Partially cloudy",Partly cloudy throughout the day with rain.,rain,"ZGGG,59287099999,59278099999"
guangzhou,2022-08-20,31,25.5,27.6,42.4,25.5,31.5,25.4,87.7,19.746,100,25,rain,0,0,46.8,28.8,82.9,1006.8,57.7,13.4,264,22.8,9,10,2022-08-20T06:04:58,2022-08-20T18:55:46,0.82,"Rain, Partially cloudy",Partly cloudy throughout the day with a chance of rain throughout the day.,rain,"ZGGG,59287099999,59278099999"
guangzhou,2022-08-21,34,24.8,27.9,43.5,24.8,31.6,25.3,86.8,1.139,100,25,rain,0,0,45.6,15.4,101.7,1007.8,68.9,13.1,184.9,16,8,30,2022-08-21T06:05:19,2022-08-21T18:54:56,0.86,"Rain, Partially cloudy",Partly cloudy throughout the day with a chance of rain throughout the day.,rain,"ZGGG,59287099999,59278099999"
guangzhou,2022-08-22,35,26,30.4,43.3,26,36.1,25.5,76.9,0.1,100,8.33,rain,0,0,28.8,20.3,278.6,1006.4,61.7,13.4,262.4,22.8,9,30,2022-08-22T06:05:40,2022-08-22T18:54:04,0.9,"Rain, Partially cloudy",Partly cloudy throughout the day with rain clearing later.,rain,"ZGGG,59287099999,59278099999"
guangzhou,2022-08-23,38,26.8,32.1,46.7,30.5,40.3,26.1,72.9,0,0,0,,0,0,21.2,10.8,352.3,1004.7,60.3,12.7,307.1,26.7,10,60,2022-08-23T06:06:01,2022-08-23T18:53:12,0.94,Partially cloudy,Partly cloudy throughout the day.,partly-cloudy-day,"ZGGG,59287099999,59278099999"
guangzhou,2022-08-24,38,28,32.8,48.8,34.2,41.5,25.9,69.2,0.011,100,4.17,rain,0,0,47.5,28.8,65.4,1002.3,56.5,13.5,272.1,23.6,10,60,2022-08-24T06:06:22,2022-08-24T18:52:20,0.97,"Rain, Partially cloudy",Partly cloudy throughout the day with afternoon rain.,rain,"ZGGG,59287099999,59278099999"
guangzhou,2022-08-25,30,24.4,27.5,35.1,24.4,30.7,24,82,19.803,100,29.17,rain,0,0,59.4,28.8,84.8,1005.7,70.6,13,129.1,11.1,9,10,2022-08-25T06:06:43,2022-08-25T18:51:26,0.99,"Rain, Partially cloudy",Partly cloudy throughout the day with a chance of rain throughout the day.,rain,"ZGGG,59287099999,59278099999"
guangzhou,2022-08-26,34,24.6,28,45.3,24.6,32.7,25.6,87.7,6.367,100,25,rain,0,0,33.6,18,89.4,1009.9,61.8,13.2,276.3,23.7,9,30,2022-08-26T06:07:04,2022-08-26T18:50:33,1,"Rain, Partially cloudy",Partly cloudy throughout the day with a chance of rain throughout the day.,rain,"ZGGG,59287099999,59278099999"
guangzhou,2022-08-27,35,25.6,30.2,42.1,25.6,35.8,25.5,78.1,0,0,0,,0,0,21.6,10.8,334.9,1009.1,66.7,13.2,299.2,25.7,9,30,2022-08-27T06:07:24,2022-08-27T18:49:38,0,Partially cloudy,Partly cloudy throughout the day.,partly-cloudy-day,"ZGGG,59287099999,59278099999"
guangzhou,2022-08-28,38,26.6,31.8,47.3,26.6,39.4,25.9,73.7,0,0,0,,0,0,24.1,14.4,139.2,1007.6,55.9,12.5,298,25.7,10,60,2022-08-28T06:07:44,2022-08-28T18:48:43,0.01,Partially cloudy,Partly cloudy throughout the day.,partly-cloudy-day,"ZGGG,59287099999,59278099999"
guangzhou,2022-08-29,35,27.9,30.7,45.8,33.6,39.2,26.6,79.5,0,0,0,,0,0,23.4,14.4,117.3,1009.6,73.1,12.5,161.7,14,7,60,2022-08-29T06:08:04,2022-08-29T18:47:48,0.02,Partially cloudy,Partly cloudy throughout the day.,partly-cloudy-day,"ZGGG,59287099999,59278099999"
guangzhou,2022-08-30,33,26.3,29.3,43.8,26.3,36.3,26.2,83.5,6.235,100,8.33,rain,0,0,28,25.2,1.3,1008.7,72.9,11.8,274.7,23.7,10,30,2022-08-30T06:08:24,2022-08-30T18:46:52,0.05,"Rain, Partially cloudy",Partly cloudy throughout the day with rain in the morning and afternoon.,rain,"ZGGG,59287099999,59278099999"
guangzhou,2022-08-31,34,25.3,29.5,45.3,25.3,35.2,25.6,80.7,0.328,100,8.33,rain,0,0,28.8,21.6,34.9,1006.8,41.2,13.3,286.8,24.7,9,60,2022-08-31T06:08:43,2022-08-31T18:45:55,0.09,"Rain, Partially cloudy",Partly cloudy throughout the day with rain.,rain,"ZGGG,59287099999,59278099999"
guangzhou,2022-09-01,32,26.4,29.1,37.9,26.4,34.2,25,79.4,3.652,100,8.33,rain,0,0,33.8,25.2,358.1,1008.5,69.1,11.9,251.8,21.6,9,30,2022-09-01T06:09:02,2022-09-01T18:44:58,0.13,"Rain, Partially cloudy",Partly cloudy throughout the day with rain clearing later.,rain,"ZGGG,59287099999,59278099999"
guangzhou,2022-09-02,33,25.5,28.8,36.1,25.5,30.9,21.4,65.1,0,0,0,,0,0,46.8,28.8,353.9,1007.4,76.8,13.6,299.6,25.8,10,10,2022-09-02T06:09:22,2022-09-02T18:44:01,0.18,Partially cloudy,Partly cloudy throughout the day.,partly-cloudy-day,"ZGGG,59287099999,59278099999"
guangzhou,2022-09-03,34,24.1,28.9,34.6,24.1,29.9,19.3,57.5,0,0,0,,0,0,45.2,28.8,336.1,1004.1,36.8,13.6,298.6,25.9,10,10,2022-09-03T06:09:41,2022-09-03T18:43:03,0.24,Partially cloudy,Partly cloudy throughout the day.,partly-cloudy-day,"ZGGG,59287099999,59278099999"
guangzhou,2022-09-04,34,25,29.7,37.3,25,31.4,19.9,56.5,0,0,0,,0,0,42.4,21.6,342.2,1004,60,13.6,296.5,25.7,10,10,2022-09-04T06:10:00,2022-09-04T18:42:04,0.29,Partially cloudy,Becoming cloudy in the afternoon.,partly-cloudy-day,"ZGGG,59287099999,59278099999"
guangzhou,2022-09-05,33.4,25.6,29.6,36.1,25.6,30.7,18.8,53,0,0,0,,0,0,36,18,344.6,1005,47,13.5,292.8,25.1,10,10,2022-09-05T06:10:19,2022-09-05T18:41:06,0.35,Partially cloudy,Partly cloudy throughout the day.,partly-cloudy-day,"ZGGG,59287099999,59278099999"
guangzhou,2022-09-06,35,25,30.4,36.9,25,32.4,20.4,56.8,0,0,0,,0,0,27.2,18,29.1,1008,88.6,13.5,109.3,9.5,4,10,2022-09-06T06:10:37,2022-09-06T18:40:07,0.4,Partially cloudy,Partly cloudy throughout the day.,partly-cloudy-day,"ZGGG,59287099999,59278099999"
guangzhou,2022-09-07,34,26.2,30,42,26.2,35.1,24.1,71,0.787,100,8.33,rain,0,0,26.8,18,78.5,1012.8,81.7,13.3,198.2,17.1,9,30,2022-09-07T06:10:56,2022-09-07T18:39:08,0.44,"Rain, Partially cloudy",Partly cloudy throughout the day with rain.,rain,"ZGGG,59287099999,59278099999"
guangzhou,2022-09-08,34,24.9,28.8,40.6,24.9,33.1,24.9,81,30.623,100,16.67,rain,0,0,45.6,15.3,30.9,1014,78.5,11.9,231.4,19.8,9,30,2022-09-08T06:11:15,2022-09-08T18:38:08,0.47,"Rain, Partially cloudy",Partly cloudy throughout the day with rain.,rain,"ZGGG,59287099999,59278099999"
guangzhou,2022-09-09,34,24.8,29.3,40.6,24.8,33.1,24.3,76.4,0.177,100,8.33,rain,0,0,45.6,14.4,324.8,1012.9,60.2,12.5,267.8,23.3,9,30,2022-09-09T06:11:33,2022-09-09T18:37:08,0.49,"Rain, Partially cloudy",Partly cloudy throughout the day with rain clearing later.,rain,"ZGGG,59287099999,59278099999"
guangzhou,2022-09-10,36,25.5,30.3,42,25.5,35.2,24.6,73.6,0,0,0,,0,0,16.2,10.8,102.3,1010.5,47.1,11.5,286.4,24.7,9,30,2022-09-10T06:11:52,2022-09-10T18:36:08,0.5,Partially cloudy,Partly cloudy throughout the day.,partly-cloudy-day,"ZGGG,59287099999,59278099999"
guangzhou,2022-09-11,35,26.7,30.5,40.6,29.1,35.1,23.6,69.1,0,0,0,,0,0,22.4,18,335.6,1008.8,31.2,11.5,282.5,24.3,9,30,2022-09-11T06:12:10,2022-09-11T18:35:08,0.51,Partially cloudy,Partly cloudy throughout the day.,partly-cloudy-day,"ZGGG,59287099999,59278099999"
guangzhou,2022-09-12,36,24.6,30.4,36.9,24.6,32.1,20.8,60.3,0,0,0,,0,0,25.2,18,1.5,1007.6,39.9,12.6,291.2,25.3,10,10,2022-09-12T06:12:28,2022-09-12T18:34:07,0.53,Partially cloudy,Clearing in the afternoon.,partly-cloudy-day,"ZGGG,59287099999,59278099999"
guangzhou,2022-09-13,37,24.6,30.6,38.6,24.6,32.4,20.5,57.6,0,0,0,,0,0,24.4,18,5.9,1007.5,13.3,13.4,292.1,25.2,9,10,2022-09-13T06:12:47,2022-09-13T18:33:06,0.56,Clear,Clear conditions throughout the day.,clear-day,"ZGGG,59287099999,59278099999"
guangzhou,2022-09-14,35,25.2,30.4,36.9,25.2,32.1,20.1,56.2,0,0,0,,0,0,36,18,357.9,1007.4,13.4,13.1,293.3,25.3,10,10,2022-09-14T06:13:05,2022-09-14T18:32:06,0.6,Clear,Clear conditions throughout the day.,clear-day,"ZGGG,59287099999,59278099999"
guangzhou,2022-09-15,35,24.1,30,35.7,24.1,31,19.6,56.9,0,0,0,,0,0,24.4,14.4,11.3,1006.1,39.8,12.9,286.4,24.7,10,10,2022-09-15T06:13:23,2022-09-15T18:31:05,0.64,Partially cloudy,Becoming cloudy in the afternoon.,partly-cloudy-day,"ZGGG,59287099999,59278099999"
guangzhou,2022-09-16,36,24.7,30.5,38.9,24.7,32.6,21,58.9,0,0,0,,0,0,21.2,10.8,24.4,1004.9,23.3,13,272,23.5,9,10,2022-09-16T06:13:42,2022-09-16T18:30:03,0.69,Partially cloudy,Partly cloudy throughout the day.,partly-cloudy-day,"ZGGG,59287099999,59278099999"
guangzhou,2022-09-17,37,25.3,31.1,41.1,25.3,35.1,22.8,63.3,0,0,0,,0,0,21.2,14.4,15.5,1005.3,20.7,11.5,285.4,24.7,9,30,2022-09-17T06:14:00,2022-09-17T18:29:02,0.74,Partially cloudy,Partly cloudy throughout the day.,partly-cloudy-day,"ZGGG,59287099999,59278099999"
guangzhou,2022-09-18,37,26.3,32.2,43.2,26.3,37.6,23.9,63.8,0,0,0,,0,0,20,14.4,326.1,1004.8,10.9,9.5,281.7,24.4,9,30,2022-09-18T06:14:18,2022-09-18T18:28:01,0.78,Clear,Clear conditions throughout the day.,clear-day,"ZGGG,59287099999,59278099999"
guangzhou,2022-09-19,36,24,30.4,43.2,24,35.1,24.2,71.8,4.454,100,4.17,rain,0,0,36,25.2,5.4,1005.5,37.7,11.8,261.5,22.5,9,60,2022-09-19T06:14:37,2022-09-19T18:27:00,0.83,"Rain, Partially cloudy",Partly cloudy throughout the day with morning rain.,rain,"ZGGG,59287099999,59278099999"
guangzhou,2022-09-20,36,26.1,29.9,39.8,26.1,33.5,23.2,69.3,0,0,0,,0,0,36.8,28.8,76.2,1007.6,46.3,12.1,267,23.1,9,10,2022-09-20T06:14:55,2022-09-20T18:25:59,0.87,Partially cloudy,Partly cloudy throughout the day.,partly-cloudy-day,"ZGGG,59287099999,59278099999"
guangzhou,2022-09-21,32.1,26,29.1,38,26,33,24,75.1,0.12,100,8.33,rain,0,0,36.8,14.4,78.9,1010.3,73.8,12.8,243.8,21.2,9,10,2022-09-21T06:15:14,2022-09-21T18:24:58,0.91,"Rain, Partially cloudy",Partly cloudy throughout the day with rain.,rain,"ZGGG,59287099999,59278099999"
guangzhou,2022-09-22,34,25.2,29.1,40.6,25.2,32.5,23.6,73.6,0.033,100,4.17,rain,0,0,18,14.4,103.1,1010.8,76.9,12.6,204.1,17.6,8,10,2022-09-22T06:15:32,2022-09-22T18:23:56,0.95,"Rain, Partially cloudy",Partly cloudy throughout the day with early morning rain.,rain,"ZGGG,59287099999,59278099999"
guangzhou,2022-09-23,33,24.8,29.2,38.1,24.8,32.3,23.4,72.4,0,0,0,,0,0,21.2,14.4,22.7,1010.5,66.9,12,257.9,22.3,9,10,2022-09-23T06:15:51,2022-09-23T18:22:55,0.97,Partially cloudy,Partly cloudy throughout the day.,partly-cloudy-day,"ZGGG,59287099999,59278099999"
guangzhou,2022-09-24,34,26,29.6,39.4,26,32.9,22.3,65.8,4.819,100,12.5,rain,0,0,54,14.4,56.9,1010.9,46.3,12.6,277.5,23.9,9,10,2022-09-24T06:16:10,2022-09-24T18:21:54,0.99,"Rain, Partially cloudy",Partly cloudy throughout the day with rain clearing later.,rain,"ZGGG,59287099999,59278099999"
guangzhou,2022-09-25,34,24.5,29.4,39.4,24.5,32.2,22.8,69.1,0,0,0,,0,0,24.8,14.4,54.8,1010.1,24.8,12.1,276.1,23.9,9,10,2022-09-25T06:16:29,2022-09-25T18:20:54,1,Partially cloudy,Becoming cloudy in the afternoon.,partly-cloudy-day,"ZGGG,59287099999,59278099999"
guangzhou,2022-09-26,36,24.4,30,40.8,24.4,32.6,22.1,64.5,0,0,0,,0,0,28.4,14.4,41,1009,23.2,12.5,276.5,23.9,9,10,2022-09-26T06:16:48,2022-09-26T18:19:53,0,Partially cloudy,Partly cloudy throughout the day.,partly-cloudy-day,"ZGGG,59287099999,59278099999"
guangzhou,2022-09-27,35,25.1,30.1,41.9,25.1,34,23.2,67.9,0,0,0,,0,0,26.4,21.6,62.1,1007.5,43.4,12.8,270.3,23.3,9,10,2022-09-27T06:17:08,2022-09-27T18:18:52,0.01,Partially cloudy,Partly cloudy throughout the day.,partly-cloudy-day,"ZGGG,59287099999,59278099999"
guangzhou,2022-09-28,35,26.6,30.3,40.6,26.6,34.9,23.7,68.9,0,0,0,,0,0,26,18,65.7,1007.7,54.2,13.5,258.3,22.3,9,10,2022-09-28T06:17:27,2022-09-28T18:17:52,0.04,Partially cloudy,Partly cloudy throughout the day.,partly-cloudy-day,"ZGGG,59287099999,59278099999"
guangzhou,2022-09-29,35,25.2,30.1,41.9,25.2,34.7,23.8,70.2,0.089,100,4.17,rain,0,0,27,14.4,93.6,1009.4,62.2,13.6,161.8,14,8,10,2022-09-29T06:17:47,2022-09-29T18:16:52,0.07,"Rain, Partially cloudy",Partly cloudy throughout the day with late afternoon rain.,rain,"ZGGG,59287099999,59278099999"
guangzhou,2022-09-30,32,24.7,27.6,37.9,24.7,30.4,24.1,81.9,1.943,100,16.67,rain,0,0,46.8,21.6,80.8,1012,84.2,13.5,148.4,12.9,6,10,2022-09-30T06:18:07,2022-09-30T18:15:52,0.12,"Rain, Partially cloudy",Partly cloudy throughout the day with a chance of rain throughout the day.,rain,"ZGGG,59287099999,59278099999"
guangzhou,2022-10-01,33,24.3,27.6,42.1,24.3,31.3,24.9,85.9,0.111,100,12.5,rain,0,0,39.6,10.8,83.1,1012.5,76,12.8,182.4,16,8,30,2022-10-01T06:18:27,2022-10-01T18:14:53,0.17,"Rain, Partially cloudy",Partly cloudy throughout the day with rain clearing later.,rain,"ZGGG,59287099999,59278099999"
guangzhou,2022-10-02,34,25.2,29,43.5,25.2,33.8,25,79.8,15.086,100,16.67,rain,0,0,32,14.4,76.2,1012.6,59,12.3,193,16.7,7,30,2022-10-02T06:18:48,2022-10-02T18:13:54,0.22,"Rain, Partially cloudy",Partly cloudy throughout the day with rain.,rain,"ZGGG,59287099999,59278099999"
guangzhou,2022-10-03,35,25.3,29.8,43.5,25.3,35.3,25,76.7,2.672,100,4.17,rain,0,0,32,14.4,101.6,1013.2,19.8,11.8,259.5,22.4,9,30,2022-10-03T06:19:08,2022-10-03T18:12:55,0.28,Rain,Clear conditions throughout the day with afternoon rain.,rain,"ZGGG,59287099999,59278099999"
guangzhou,2022-10-04,37,24.6,30.5,47.6,24.6,36.1,24.9,73.7,0.089,100,4.17,rain,0,0,18,10.8,294.4,1013,12.8,12.5,265,22.8,9,30,2022-10-04T06:19:29,2022-10-04T18:11:57,0.34,Rain,Clear conditions throughout the day with morning rain.,rain,"ZGGG,59287099999,59278099999"
guangzhou,2022-10-05,34,26.3,30,43.5,26.3,36.1,25.2,76.5,3.563,100,4.17,rain,0,0,25.6,18,132.1,1013.4,54.9,11.9,227.1,19.7,9,30,2022-10-05T06:19:51,2022-10-05T18:10:58,0.39,"Rain, Partially cloudy",Partly cloudy throughout the day with morning rain.,rain,"ZGGG,59287099999,59278099999"
guangzhou,2022-10-06,35,25.5,29.6,41.9,25.5,33.8,23.8,72.2,0.4,100,4.17,rain,0,0,24.8,10.8,67.1,1014.5,60.7,13.3,215.8,18.7,9,10,2022-10-06T06:20:12,2022-10-06T18:10:01,0.43,"Rain, Partially cloudy",Partly cloudy throughout the day with morning rain.,rain,"ZGGG,59287099999,59278099999"
guangzhou,2022-10-07,31,23.9,27.1,34.6,23.9,28.9,21.8,72.9,0,0,0,rain,0,0,32,21.6,10.6,1015.3,54.7,13.4,257.2,22.3,9,10,2022-10-07T06:20:34,2022-10-07T18:09:04,0.47,Partially cloudy,Partly cloudy throughout the day.,partly-cloudy-day,"ZGGG,59287099999,59278099999"
guangzhou,2022-10-08,29.5,21.2,25.2,31.6,21.2,25.7,19,69.1,0,0,0,,0,0,32.8,18,2.9,1016.4,63.9,13.6,259.1,22.4,9,10,2022-10-08T06:20:56,2022-10-08T18:08:07,0.49,Partially cloudy,Partly cloudy throughout the day.,partly-cloudy-day,"ZGGG,59287099999,59278099999"
guangzhou,2022-10-09,30,21.4,25.2,32.6,21.4,25.7,18.7,68,0,0,0,,0,0,52.4,36,8.3,1017.9,31,13.5,255.8,22.2,9,10,2022-10-09T06:21:19,2022-10-09T18:07:11,0.5,Partially cloudy,Partly cloudy throughout the day.,partly-cloudy-day,"ZGGG,59287099999,59278099999"
guangzhou,2022-10-10,28,18.9,22.9,27.5,18.9,22.8,12.4,52.7,0,0,0,,0,0,52.4,39.6,6.2,1020.1,7.6,13.6,259.5,22.4,9,10,2022-10-10T06:21:42,2022-10-10T18:06:15,0.5,Clear,Clear conditions throughout the day.,clear-day,"ZGGG,59287099999,59278099999"
guangzhou,2022-10-11,27,18.1,22.4,26.6,18.1,22.3,6.1,35.3,0,0,0,,0,0,39.6,25.2,1.4,1017.9,4.6,13.6,264.1,22.9,9,10,2022-10-11T06:22:05,2022-10-11T18:05:20,0.52,Clear,Clear conditions throughout the day.,clear-day,"ZGGG,59287099999,59278099999"
guangzhou,2022-10-12,29,16.5,23,27.9,16.5,22.8,9.3,43,0,0,0,,0,0,34.6,25.2,5,1016.3,14.1,13.6,262.8,22.8,9,10,2022-10-12T06:22:28,2022-10-12T18:04:26,0.54,Clear,Clear conditions throughout the day.,clear-day,"ZGGG,59287099999,59278099999"
guangzhou,2022-10-13,31,16.9,24.4,30.3,16.9,24.2,11.9,46.8,0,0,0,,0,0,37.8,25.2,357.3,1014.3,18.9,13.5,258.6,22.5,9,10,2022-10-13T06:22:52,2022-10-13T18:03:32,0.57,Clear,Clear conditions throughout the day.,clear-day,"ZGGG,59287099999,59278099999"
guangzhou,2022-10-14,31,19.3,25.7,30.6,19.3,25.4,13.3,47.8,0,0,0,,0,0,36,25.2,7.8,1012.6,32.7,13.1,255.5,22.1,9,10,2022-10-14T06:23:17,2022-10-14T18:02:38,0.61,Partially cloudy,Clearing in the afternoon.,partly-cloudy-day,"ZGGG,59287099999,59278099999"
guangzhou,2022-10-15,31,21.4,26,30.3,21.4,25.7,12.7,44.6,0,0,0,,0,0,43.2,28.8,354.6,1012.1,61.8,13.5,256.8,22.2,9,10,2022-10-15T06:23:42,2022-10-15T18:01:46,0.65,Partially cloudy,Partly cloudy throughout the day.,partly-cloudy-day,"ZGGG,59287099999,59278099999"
guangzhou,2022-10-16,32,23,27.4,31.6,23,27.1,13.2,42.1,0,0,0,,0,0,48.8,28.8,348.1,1011.1,77.8,13.6,220.3,19,9,10,2022-10-16T06:24:07,2022-10-16T18:00:54,0.7,Partially cloudy,Partly cloudy throughout the day.,partly-cloudy-day,"ZGGG,59287099999,59278099999"
guangzhou,2022-10-17,30,25,27.7,29.4,25,27.2,11.3,36.4,0.1,100,4.17,rain,0,0,62.3,36,6.9,1011.4,98.5,12.7,131.2,11.2,7,10,2022-10-17T06:24:33,2022-10-17T18:00:03,0.74,"Rain, Overcast",Cloudy skies throughout the day with morning rain.,rain,"ZGGG,59287099999,59278099999"
guangzhou,2022-10-18,26,21.3,23.9,26,21.3,23.9,9.8,41.7,0.534,100,8.33,rain,0,0,63.6,39.6,20.5,1014.6,84.9,13.1,27.3,2.3,1,10,2022-10-18T06:24:59,2022-10-18T17:59:12,0.79,"Rain, Partially cloudy",Partly cloudy throughout the day with rain.,rain,"ZGGG,59287099999,59278099999"
guangzhou,2022-10-19,26,19.6,22.7,26,19.6,22.7,6.7,36,0,0,0,,0,0,36.7,28.8,10.8,1016.7,97.1,13.6,59.1,5.2,4,10,2022-10-19T06:25:25,2022-10-19T17:58:23,0.84,Overcast,Cloudy skies throughout the day.,cloudy,"ZGGG,59287099999,59278099999"
guangzhou,2022-10-20,30,19.8,24.1,29.4,19.8,23.9,11.6,46.7,0,0,0,,0,0,29.2,18,63.1,1017.4,88.7,13.6,227.6,19.9,8,10,2022-10-20T06:25:52,2022-10-20T17:57:34,0.88,Partially cloudy,Partly cloudy throughout the day.,partly-cloudy-day,"ZGGG,59287099999,59278099999"
guangzhou,2022-10-21,33,19.2,25.7,32.6,19.2,25.8,16.6,60,0,0,0,,0,0,21.2,10.8,23.2,1016.6,49.1,13,237.5,20.4,8,10,2022-10-21T06:26:20,2022-10-21T17:56:46,0.92,Partially cloudy,Becoming cloudy in the afternoon.,partly-cloudy-day,"ZGGG,59287099999,59278099999"
guangzhou,2022-10-22,35,19.5,26.6,33.3,19.5,26.1,14.2,52.3,0,0,0,,0,0,27.2,21.6,13.9,1015.5,38.7,12.9,247.5,21.4,9,10,2022-10-22T06:26:48,2022-10-22T17:55:59,0.96,Partially cloudy,Becoming cloudy in the afternoon.,partly-cloudy-day,"ZGGG,59287099999,59278099999"
guangzhou,2022-10-23,34,21.2,27.5,34.1,21.2,27.5,15.8,51,0,0,0,,0,0,34.6,25.2,15.2,1014.5,4.2,13.5,240,20.5,8,10,2022-10-23T06:27:16,2022-10-23T17:55:13,0.98,Clear,Clear conditions throughout the day.,clear-day,"ZGGG,59287099999,59278099999"
guangzhou,2022-10-24,33,21.2,27,34,21.2,27.3,17.8,58.9,0,0,0,,0,0,28.8,14.4,70.1,1015.1,5,11.6,239.2,20.6,8,10,2022-10-24T06:27:45,2022-10-24T17:54:27,1,Clear,Clear conditions throughout the day.,clear-day,"ZGGG,59287099999,59278099999"
guangzhou,2022-10-25,31,21,25.7,31.9,21,26,18.5,66.4,0,0,0,,0,0,28,18,111,1017.2,66,12.5,226.1,19.6,8,10,2022-10-25T06:28:15,2022-10-25T17:53:43,0,Partially cloudy,Partly cloudy throughout the day.,partly-cloudy-day,"ZGGG,59287099999,59278099999"
guangzhou,2022-10-26,30,19.1,24.6,31.3,19.1,24.9,17.9,67.6,0,0,0,,0,0,24.8,10.8,101.3,1016.6,56,13.4,231.5,20.1,8,10,2022-10-26T06:28:44,2022-10-26T17:52:59,0.01,Partially cloudy,Partly cloudy throughout the day.,partly-cloudy-day,"ZGGG,59287099999,59278099999"
guangzhou,2022-10-27,31,19.9,25.3,33,19.9,25.9,18.9,69.3,0,0,0,,0,0,18,10.8,29.4,1015.4,37.3,13.4,231.5,20.1,8,10,2022-10-27T06:29:15,2022-10-27T17:52:17,0.03,Partially cloudy,Partly cloudy throughout the day.,partly-cloudy-day,"ZGGG,59287099999,59278099999"
guangzhou,2022-10-28,31,21.5,25.8,31.4,21.5,26,16.8,58.7,0,0,0,,0,0,38.9,25.2,4.9,1015.6,2.4,13.2,232.7,20.1,8,10,2022-10-28T06:29:46,2022-10-28T17:51:35,0.06,Clear,Clear conditions throughout the day.,clear-day,"ZGGG,59287099999,59278099999"
guangzhou,2022-10-29,29,21,24.4,29.8,21,24.6,16.4,61.3,0,0,0,,0,0,42.6,32.4,7.2,1015.6,29.4,13.6,230.8,19.8,8,10,2022-10-29T06:30:17,2022-10-29T17:50:55,0.1,Partially cloudy,Partly cloudy throughout the day.,partly-cloudy-day,"ZGGG,59287099999,59278099999"
guangzhou,2022-10-30,29,20.7,24.3,29.5,20.7,24.4,16,60.4,0,0,0,,0,0,49.2,32.4,358,1013.3,64.6,13.6,224,19.3,8,10,2022-10-30T06:30:49,2022-10-30T17:50:16,0.15,Partially cloudy,Partly cloudy throughout the day.,partly-cloudy-day,"ZGGG,59287099999,59278099999"
guangzhou,2022-10-31,28,20.7,24.6,28,20.7,24.6,14.1,52.8,0,0,0,,0,0,61.6,39.6,0.7,1011.7,96.3,13.6,197,17.1,8,10,2022-10-31T06:31:22,2022-10-31T17:49:37,0.21,Overcast,Cloudy skies throughout the day.,cloudy,"ZGGG,59287099999,59278099999"
guangzhou,2022-11-01,28,21,24.3,27.8,21,24.3,12.9,49.3,0.178,100,4.17,rain,0,0,60.1,39.6,7.1,1010.7,90.5,13.6,110.8,9.6,6,10,2022-11-01T06:31:55,2022-11-01T17:49:00,0.26,"Rain, Overcast",Cloudy skies throughout the day with late afternoon rain.,rain,"ZGGG,59287099999,59278099999"
guangzhou,2022-11-02,23,18,20.1,23,18,20.1,15.3,75.7,2.064,100,25,rain,0,0,50.8,28.8,0.1,1010.6,96.7,12.6,17.8,1.6,1,10,2022-11-02T06:32:28,2022-11-02T17:48:24,0.32,"Rain, Overcast",Cloudy skies throughout the day with rain.,rain,"ZGGG,59287099999,59278099999"
guangzhou,2022-11-03,22,18.8,20.1,22,18.8,20.1,18.3,89.5,3.92,100,16.67,rain,0,0,42.8,25.2,9.8,1012.8,100,10.6,7.5,0.6,0,10,2022-11-03T06:33:02,2022-11-03T17:47:49,0.37,"Rain, Overcast",Cloudy skies throughout the day with a chance of rain throughout the day.,rain,"ZGGG,59287099999,59278099999"
guangzhou,2022-11-04,22,17.6,19.7,22,17.6,19.7,18.1,91,7.535,100,33.33,rain,0,0,34.6,25.2,7.1,1017.1,100,10.8,51.8,4.4,3,10,2022-11-04T06:33:36,2022-11-04T17:47:16,0.42,"Rain, Overcast",Cloudy skies throughout the day with a chance of rain throughout the day.,rain,"ZGGG,59287099999,59278099999"
guangzhou,2022-11-05,21,16.8,18.5,21,16.8,18.5,16.2,86.7,2.466,100,12.5,rain,0,0,32.8,21.6,6.4,1020.2,98.1,12.2,139.5,12.1,8,10,2022-11-05T06:34:11,2022-11-05T17:46:43,0.45,"Rain, Overcast",Cloudy skies throughout the day with rain.,rain,"ZGGG,59287099999,59278099999"
guangzhou,2022-11-06,21,16,18.4,21,16,18.4,17,91.6,6.404,100,29.17,rain,0,0,22.4,14.4,26.4,1019.5,86.7,11,63.6,5.6,6,10,2022-11-06T06:34:46,2022-11-06T17:46:12,0.48,"Rain, Partially cloudy",Partly cloudy throughout the day with a chance of rain throughout the day.,rain,"ZGGG,59287099999,59278099999"
guangzhou,2022-11-07,22,17.8,20,22,17.8,20,18.6,92,5.722,100,25,rain,0,0,20.4,10.8,37.3,1017.9,86.7,11.3,130,11.4,7,10,2022-11-07T06:35:22,2022-11-07T17:45:42,0.49,"Rain, Partially cloudy",Partly cloudy throughout the day with a chance of rain throughout the day.,rain,"ZGGG,59287099999,59278099999"
guangzhou,2022-11-08,23,19,20.6,23,19,20.6,19.9,95.8,16.355,100,20.83,rain,0,0,24.8,10.8,56.5,1018,97.2,7.9,117.1,10.1,7,10,2022-11-08T06:35:59,2022-11-08T17:45:13,0.5,"Rain, Overcast",Cloudy skies throughout the day with a chance of rain throughout the day.,rain,"ZGGG,59287099999,59278099999"
guangzhou,2022-11-09,28,20.4,23.5,30.7,20.4,24,21.1,87.5,0.511,100,12.5,rain,0,0,20.4,10.8,359.4,1017.2,61.5,10.3,204,17.6,8,10,2022-11-09T06:36:35,2022-11-09T17:44:46,0.51,"Rain, Partially cloudy",Partly cloudy throughout the day with a chance of rain throughout the day.,rain,"ZGGG,59287099999,59278099999"
guangzhou,2022-11-10,29,20,23.9,32,20,24.6,21.3,85.9,0,0,0,,0,0,11.2,10.8,149.9,1016.4,26.9,8,213.1,18.5,8,10,2022-11-10T06:37:12,2022-11-10T17:44:19,0.53,Partially cloudy,Partly cloudy throughout the day.,partly-cloudy-day,"ZGGG,59287099999,59278099999"
guangzhou,2022-11-11,31,20.3,24.7,34.6,20.3,25.6,21.3,82.8,0.1,100,8.33,rain,0,0,11.5,10.8,154.3,1015.8,48.7,6,210.5,18.1,8,10,2022-11-11T06:37:50,2022-11-11T17:43:55,0.54,"Rain, Partially cloudy",Partly cloudy throughout the day with morning rain.,rain,"ZGGG,59287099999,59278099999"
guangzhou,2022-11-12,30,19.8,24.3,33.3,19.8,25,21,83.1,0.089,100,4.17,rain,0,0,16.2,10.8,97.2,1014.9,38.3,5.9,215.8,18.5,8,10,2022-11-12T06:38:28,2022-11-12T17:43:31,0.58,"Rain, Partially cloudy",Partly cloudy throughout the day with morning rain.,rain,"ZGGG,59287099999,59278099999"
guangzhou,2022-11-13,32,20,25.5,35.5,20,26.5,21,78.3,0.089,100,4.17,rain,0,0,14.4,7.2,67.5,1015.3,28.8,8.6,209.6,18.1,8,10,2022-11-13T06:39:06,2022-11-13T17:43:09,0.62,"Rain, Partially cloudy",Partly cloudy throughout the day with morning rain.,rain,"ZGGG,59287099999,59278099999"
guangzhou,2022-11-14,29,22.3,24.7,31.4,22.3,24.9,20.5,78.7,0,0,0,,0,0,15.6,18,12.2,1016.4,82.1,11.5,123.2,10.7,5,10,2022-11-14T06:39:45,2022-11-14T17:42:48,0.66,Partially cloudy,Partly cloudy throughout the day.,partly-cloudy-day,"ZGGG,59287099999,59278099999"
guangzhou,2022-11-15,28,22,24.4,30.1,22,24.8,19.4,73.7,0,0,0,,0,0,14.4,14.4,358.9,1015.1,79.4,11.5,123.5,10.6,6,10,2022-11-15T06:40:24,2022-11-15T17:42:28,0.7,Partially cloudy,Partly cloudy throughout the day.,partly-cloudy-day,"ZGGG,59287099999,59278099999"
guangzhou,2022-11-16,27,21,23.6,29.2,21,23.9,20.3,82.2,0,0,0,rain,0,0,20.9,10.8,54,1014.4,89,7.9,81.8,7,5,10,2022-11-16T06:41:03,2022-11-16T17:42:10,0.75,Partially cloudy,Partly cloudy throughout the day.,partly-cloudy-day,"ZGGG,59287099999"
guangzhou,2022-11-17,28,22,25,30.7,22,25.6,21.8,82.6,0,0,0,,0,0,17.6,10.8,78.2,1013.9,83.7,8.6,179.1,15.5,7,10,2022-11-17T06:41:43,2022-11-17T17:41:54,0.8,Partially cloudy,Partly cloudy throughout the day.,partly-cloudy-day,"ZGGG,59287099999"
guangzhou,2022-11-18,32,21,24.8,35.8,21,25.5,21.2,81.7,0,0,0,rain,0,0,14.8,10.8,78.4,1015,46.1,9.8,190.3,16.5,7,10,2022-11-18T06:42:23,2022-11-18T17:41:38,0.85,Partially cloudy,Partly cloudy throughout the day.,partly-cloudy-day,"ZGGG,59287099999,59278099999"
guangzhou,2022-11-19,30,21.1,25.4,33.3,21.1,26.4,21.2,78.5,0,0,0,,0,0,27,18,352.3,1015,60.6,11.1,127.5,10.9,6,10,2022-11-19T06:43:03,2022-11-19T17:41:24,0.89,Partially cloudy,Partly cloudy throughout the day.,partly-cloudy-day,"ZGGG,59287099999,59278099999"
guangzhou,2022-11-20,29,21,24.3,30.8,21,24.7,18.8,72,0,0,0,,0,0,28,18,13.7,1014.1,58.4,13.3,195.6,16.9,7,10,2022-11-20T06:43:44,2022-11-20T17:41:12,0.93,Partially cloudy,Partly cloudy throughout the day.,partly-cloudy-day,"ZGGG,59287099999,59278099999"
guangzhou,2022-11-21,29.1,20.3,24.8,31.4,20.3,25.5,20.1,75.7,0.011,100,4.17,rain,0,0,25.2,14.4,81,1013.5,64.8,12.1,128.9,11.3,7,10,2022-11-21T06:44:25,2022-11-21T17:41:01,0.97,"Rain, Partially cloudy",Partly cloudy throughout the day with late afternoon rain.,rain,"ZGGG,59287099999,59278099999"
guangzhou,2022-11-22,25,22,23.2,25,22,23.2,22.3,94.4,7.805,100,16.67,rain,0,0,24.4,14.4,63.3,1013,97.2,9.5,11.1,1,1,10,2022-11-22T06:45:05,2022-11-22T17:40:51,0.99,"Rain, Overcast",Cloudy skies throughout the day with rain.,rain,"ZGGG,59287099999,59278099999"
guangzhou,2022-11-23,23,20.8,21.9,23,20.8,21.9,20.9,94,15.027,100,29.17,rain,0,0,29.5,18,15.6,1014.1,98.1,10.8,17.4,1.5,1,10,2022-11-23T06:45:47,2022-11-23T17:40:43,1,"Rain, Overcast",Cloudy skies throughout the day with a chance of rain throughout the day.,rain,"ZGGG,59287099999,59278099999"
guangzhou,2022-11-24,21,19,19.6,21,19,19.6,19.4,98.7,17.747,100,29.17,rain,0,0,29.2,18,14.3,1015.4,100,9.2,6.6,0.7,0,10,2022-11-24T06:46:28,2022-11-24T17:40:36,0,"Rain, Overcast",Cloudy skies throughout the day with a chance of rain throughout the day.,rain,"ZGGG,59287099999,59278099999"
guangzhou,2022-11-25,21,19,19.5,21,19,19.5,19.2,98.5,20.508,100,20.83,rain,0,0,32,14.4,353.5,1016,100,8.1,20.2,1.6,1,10,2022-11-25T06:47:09,2022-11-25T17:40:31,0.02,"Rain, Overcast",Cloudy skies throughout the day with a chance of rain throughout the day.,rain,"ZGGG,59287099999,59278099999"
guangzhou,2022-11-26,22,19,20.5,22,19,20.5,19.9,96.3,18.603,100,25,rain,0,0,32,10.8,17.7,1015.1,98.6,10.5,41.1,3.5,5,10,2022-11-26T06:47:50,2022-11-26T17:40:27,0.04,"Rain, Overcast",Cloudy skies throughout the day with a chance of rain throughout the day.,rain,"ZGGG,59287099999,59278099999"
guangzhou,2022-11-27,23,20,21.9,23,20,21.9,21.2,95.8,0.488,100,16.67,rain,0,0,37.8,10.8,85.1,1011.9,99.1,9.4,29.9,2.6,3,30,2022-11-27T06:48:32,2022-11-27T17:40:24,0.08,"Rain, Overcast",Cloudy skies throughout the day with a chance of rain throughout the day.,rain,"ZGGG,59287099999,59278099999"
guangzhou,2022-11-28,30,22.7,25.5,36.2,22.7,27.2,23.8,90.8,0.089,100,4.17,rain,0,0,37.1,21.6,131,1011,73.3,9.9,123.6,10.7,6,30,2022-11-28T06:49:13,2022-11-28T17:40:23,0.13,"Rain, Partially cloudy",Partly cloudy throughout the day with early morning rain.,rain,"ZGGG,59287099999,59278099999"
guangzhou,2022-11-29,30,23.6,26.1,35.1,23.6,27.8,23.7,87.2,0,0,0,rain,0,0,27.6,14.4,141.7,1012.5,78.4,13,145.3,12.5,6,30,2022-11-29T06:49:54,2022-11-29T17:40:24,0.19,Partially cloudy,Partly cloudy throughout the day.,partly-cloudy-day,"ZGGG,59287099999,59278099999"
guangzhou,2022-11-30,25,12.7,17.4,25,12.7,17.4,13.8,79.5,0,0,0,rain,0,0,43.2,28.8,4.1,1019.2,96.7,13.3,68.6,5.8,4,10,2022-11-30T06:50:36,2022-11-30T17:40:26,0.24,Overcast,Cloudy skies throughout the day.,cloudy,"ZGGG,59287099999,59278099999"
guangzhou,2022-12-01,13,9.1,11.3,13,6.5,11.1,6.7,73.1,0,0,0,rain,0,0,40,32.4,3.3,1023.6,100,13.6,23.8,2,1,10,2022-12-01T06:51:17,2022-12-01T17:40:29,0.3,Overcast,Cloudy skies throughout the day.,cloudy,"ZGGG,59287099999,59278099999"
guangzhou,2022-12-02,14.8,7.7,11.1,14.8,4.7,9.9,6.5,73.6,0,0,0,,0,0,39.2,28.8,353.9,1022.3,89.7,13.6,75,6.4,4,10,2022-12-02T06:51:58,2022-12-02T17:40:34,0.35,Partially cloudy,Partly cloudy throughout the day.,partly-cloudy-day,"ZGGG,59287099999,59278099999"
guangzhou,2022-12-03,19.1,11,14.9,19.1,11,14.9,10.3,74,0,0,0,rain,0,0,25.2,18,347.1,1018.9,88.6,13.6,121.3,10.5,6,10,2022-12-03T06:52:39,2022-12-03T17:40:40,0.4,Partially cloudy,Partly cloudy throughout the day.,partly-cloudy-day,"ZGGG,59287099999,59278099999"
guangzhou,2022-12-04,19,13,15.8,19,13,15.8,12,78.2,0,0,0,,0,0,28.4,25.2,340.6,1019.9,88.6,13.5,46.7,4,2,10,2022-12-04T06:53:19,2022-12-04T17:40:48,0.44,Partially cloudy,Partly cloudy throughout the day.,partly-cloudy-day,"ZGGG,59287099999,59278099999"
guangzhou,2022-12-05,15,11,13.1,15,11,13.1,8,71.5,0,0,0,,0,0,38.9,28.8,354.9,1022.8,75,13.6,58.4,5.1,4,10,2022-12-05T06:54:00,2022-12-05T17:40:57,0.47,Partially cloudy,Partly cloudy throughout the day.,partly-cloudy-day,"ZGGG,59287099999,59278099999"
guangzhou,2022-12-06,16,10.7,12.7,16,10.7,12.7,7.3,69.9,0,0,0,,0,0,36.7,25.2,0.5,1021.8,85.4,13.2,193.8,16.8,7,10,2022-12-06T06:54:40,2022-12-06T17:41:07,0.49,Partially cloudy,Partly cloudy throughout the day.,partly-cloudy-day,"ZGGG,59287099999,59278099999"
guangzhou,2022-12-07,20.1,11,15,20.1,11,15,10,72.6,0,0,0,,0,0,25.6,21.6,354,1020.3,87,13.6,82.9,7.1,4,10,2022-12-07T06:55:20,2022-12-07T17:41:19,0.5,Partially cloudy,Partly cloudy throughout the day.,partly-cloudy-day,"ZGGG,59287099999,59278099999"
guangzhou,2022-12-08,22,12.8,16.5,22,12.8,16.5,10.8,69.8,0,0,0,,0,0,26.3,18,345.4,1019.1,42.7,13.5,169,14.8,7,10,2022-12-08T06:55:59,2022-12-08T17:41:32,0.5,Partially cloudy,Clearing in the afternoon.,partly-cloudy-day,"ZGGG,59287099999,59278099999"
guangzhou,2022-12-09,21,13.5,16.6,21,13.5,16.6,10.8,69.5,0,0,0,,0,0,39.6,21.6,350.8,1017.2,37.1,13.5,117.5,10.2,5,10,2022-12-09T06:56:38,2022-12-09T17:41:46,0.51,Partially cloudy,Partly cloudy throughout the day.,partly-cloudy-day,"ZGGG,59287099999,59278099999"
guangzhou,2022-12-10,22,13,16.6,22,13,16.6,8.5,60.1,0,0,0,,0,0,36,25.2,4.5,1017,7.9,13.5,190,16.2,7,10,2022-12-10T06:57:16,2022-12-10T17:42:02,0.53,Clear,Clear conditions throughout the day.,clear-day,"ZGGG,59287099999,59278099999"
guangzhou,2022-12-11,17,12.5,14.6,17,12.5,14.6,6.2,57.3,0,0,0,,0,0,42.8,28.8,2.7,1018.3,62.7,13.5,67.3,5.8,3,10,2022-12-11T06:57:54,2022-12-11T17:42:19,0.55,Partially cloudy,Partly cloudy throughout the day.,partly-cloudy-day,"ZGGG,59287099999,59278099999"
guangzhou,2022-12-12,18,11.6,14.3,18,11.6,14.3,6.7,60.4,0,0,0,,0,0,41.8,32.4,1.3,1020.2,29.8,12.6,191.8,16.5,7,10,2022-12-12T06:58:32,2022-12-12T17:42:37,0.59,Partially cloudy,Partly cloudy throughout the day.,partly-cloudy-day,"ZGGG,59287099999,59278099999"
guangzhou,2022-12-13,16,10.7,13.4,16,10.7,13.4,3.5,51.4,0,0,0,,0,0,38.8,28.8,11.5,1021.2,71.6,12,46.8,4.1,3,10,2022-12-13T06:59:09,2022-12-13T17:42:57,0.62,Partially cloudy,Partly cloudy throughout the day.,partly-cloudy-day,"ZGGG,59287099999,59278099999"
guangzhou,2022-12-14,14,10,12.2,14,10,12.2,6.5,68.5,0.356,100,8.33,rain,0,0,39.2,28.8,8.3,1023.3,93.8,13,98.5,8.5,7,10,2022-12-14T06:59:45,2022-12-14T17:43:18,0.67,"Rain, Overcast",Cloudy skies throughout the day with rain clearing later.,rain,"ZGGG,59287099999,59278099999"
guangzhou,2022-12-15,16,10,12.6,16,10,12.6,9.5,82.1,3.015,100,20.83,rain,0,0,35.2,14.4,13.6,1019,95.7,10,16,1.3,1,10,2022-12-15T07:00:21,2022-12-15T17:43:40,0.71,"Rain, Overcast",Cloudy skies throughout the day with a chance of rain throughout the day.,rain,"ZGGG,59287099999,59278099999"
guangzhou,2022-12-16,17,12.7,14.3,17,12.7,14.3,13,92.5,10.575,100,20.83,rain,0,0,45.2,25.2,350.2,1019.2,94.4,9.7,80.4,6.9,5,10,2022-12-16T07:00:56,2022-12-16T17:44:03,0.76,"Rain, Overcast",Cloudy skies throughout the day with a chance of rain throughout the day.,rain,"ZGGG,59287099999,59278099999"
guangzhou,2022-12-17,15,10.8,12.9,15,10.8,12.9,4,55.5,0.089,100,4.17,rain,0,0,59.6,39.6,7.5,1027.8,79.9,13.4,56.7,4.9,5,10,2022-12-17T07:01:30,2022-12-17T17:44:27,0.81,"Rain, Partially cloudy",Partly cloudy throughout the day with early morning rain.,rain,"ZGGG,59287099999,59278099999"
guangzhou,2022-12-18,15,7.7,10.6,15,4.4,9.5,-5.5,33.2,0,0,0,,0,0,55.2,36,5.1,1028.1,7.9,13.6,197.8,17,7,10,2022-12-18T07:02:04,2022-12-18T17:44:53,0.86,Clear,Clear conditions throughout the day.,clear-day,"ZGGG,59287099999,59278099999"
guangzhou,2022-12-19,18,5.6,11.1,18,3.7,10.7,-1.2,45.5,0,0,0,,0,0,37.6,12.3,42.7,1022.8,3.2,13.6,199.5,17.2,7,10,2022-12-19T07:02:37,2022-12-19T17:45:19,0.91,Clear,Clear conditions throughout the day.,clear-day,"ZGGG,59287099999,59278099999"
guangzhou,2022-12-20,20,7.7,14.2,20,6.9,13.9,4.6,54.7,0,0,0,,0,0,21.2,15.3,3,1019.1,49.9,13.5,190.7,16.5,7,10,2022-12-20T07:03:09,2022-12-20T17:45:47,0.95,Partially cloudy,Partly cloudy throughout the day.,partly-cloudy-day,"ZGGG,59287099999,59278099999"
guangzhou,2022-12-21,20,10.8,15.8,20,10.8,15.8,4.1,47,0,0,0,,0,0,37.8,25.2,343.5,1017.8,87.6,13.6,193.9,16.9,7,10,2022-12-21T07:03:40,2022-12-21T17:46:16,0.98,Partially cloudy,Partly cloudy throughout the day.,partly-cloudy-day,"ZGGG,59287099999,59278099999"
guangzhou,2022-12-22,21,7.7,14.4,21,6.6,14.2,2.7,48.9,0,0,0,,0,0,35.3,21.6,8.6,1017.3,7.5,13.4,201.5,17.3,7,10,2022-12-22T07:04:10,2022-12-22T17:46:46,1,Clear,Clear conditions throughout the day.,clear-day,"ZGGG,59287099999,59278099999"
guangzhou,2022-12-23,21,9.8,15.1,21,9.4,15.1,3.1,47.1,0,0,0,,0,0,33.8,18,29.1,1019.5,34.9,13.5,196.5,17,7,10,2022-12-23T07:04:39,2022-12-23T17:47:16,0,Partially cloudy,Clearing in the afternoon.,partly-cloudy-day,"ZGGG,59287099999,59278099999"
guangzhou,2022-12-24,22,9.7,14.9,22,9,14.9,2.4,46,0,0,0,,0,0,25.9,14.4,27.3,1021.8,9.2,13.5,198.2,17.1,7,10,2022-12-24T07:05:07,2022-12-24T17:47:48,0.01,Clear,Clear conditions throughout the day.,clear-day,"ZGGG,59287099999,59278099999"
guangzhou,2022-12-25,21,7.5,14,21,6.3,13.9,3.3,51.6,0,0,0,,0,0,22,10.8,54,1022.2,20.9,13.5,199.9,17.2,7,10,2022-12-25T07:05:35,2022-12-25T17:48:21,0.03,Partially cloudy,Becoming cloudy in the afternoon.,partly-cloudy-day,"ZGGG,59287099999,59278099999"
guangzhou,2022-12-26,21,7.8,14.2,21,6.6,14.1,6.5,62.6,0,0,0,,0,0,18,10.6,60.9,1022.8,21.1,13.1,194.3,16.8,7,10,2022-12-26T07:06:01,2022-12-26T17:48:54,0.07,Partially cloudy,Partly cloudy throughout the day.,partly-cloudy-day,"ZGGG,59287099999,59278099999"
guangzhou,2022-12-27,22,9.2,15.1,22,8.6,15,6.6,59.6,0,0,0,,0,0,21.2,14.4,37.9,1022.7,3.4,13.3,194,16.8,7,10,2022-12-27T07:06:26,2022-12-27T17:49:28,0.11,Clear,Clear conditions throughout the day.,clear-day,"ZGGG,59287099999,59278099999"
guangzhou,2022-12-28,20,12.6,15.6,20,12.6,15.6,5.6,52,0,0,0,,0,0,35.2,28.8,356.8,1023.6,34.1,13.3,194.5,16.8,7,10,2022-12-28T07:06:50,2022-12-28T17:50:04,0.16,Partially cloudy,Partly cloudy throughout the day.,partly-cloudy-day,"ZGGG,59287099999,59278099999"
guangzhou,2022-12-29,18,10.9,13.8,18,10.9,13.8,4.5,53.8,0,0,0,,0,0,35.2,21.6,355.3,1026,49.6,13.2,176,15.2,7,10,2022-12-29T07:07:13,2022-12-29T17:50:39,0.22,Partially cloudy,Clearing in the afternoon.,partly-cloudy-day,"ZGGG,59287099999,59278099999"
guangzhou,2022-12-30,17,8,11.9,17,5.5,11.2,4.9,63.3,0,0,0,,0,0,36,25.2,359.1,1027.1,40.8,13.2,191.5,16.6,7,10,2022-12-30T07:07:35,2022-12-30T17:51:16,0.27,Partially cloudy,Becoming cloudy in the afternoon.,partly-cloudy-day,"ZGGG,59287099999,59278099999"
guangzhou,2022-12-31,16.5,6.9,11.5,16.5,4.9,10.8,5.4,66.9,0,0,0,,0,0,36.4,25.2,356.7,1026.8,13.5,13.4,194.9,16.6,7,10,2022-12-31T07:07:56,2022-12-31T17:51:53,0.33,Clear,Clear conditions throughout the day.,clear-day,"ZGGG,59287099999,59278099999"
